,Sequence,Len,Allele,proceesed_seq
F,MAPRSLLLLLSGALALTDTWAGSHSLRYFSTAVSRPGRGEPRYIAVEYVDDTQFLRFDSDAAIPRMEPREPWVEQEGPQYWEWTTGYAKANAQTDRVALRNLLRRYNQSEAGSHTLQGMNGCDMGPDGRLLRGYHQHAYDGKDYISLNEDLRSWTAADTVAQITQRFYEAEEYAEEFRTYLEGECLELLRRYLENGKETLQRADPPKAHVAHHPISDHEATLRCWALGFYPAEITLTWQRDGEEQTQDTELVETRPAGDGTFQKWAAVVVPSGEEQRYTCHVQHEGLPQPLILRWEQSPQPTIPIVGIVAGLVVLGAVVTGAVVAAVMWRKKSSDRNRGSYSQAAV,346,HLA:HLA01096|F*01:01:01:01|346|bp,GSHSLRYFSTAVSRPGRGEPRYIAVEYVDDTQFLRFDSDAAIPRMEPREPWVEQEGPQYWEWTTGYAKANAQTDRVALRNLLRRYNQSEAGSHTLQGMNGCDMGPDGRLLRGYHQHAYDGKDYISLNEDLRSWTAADTVAQITQRFYEAEEYAEEFRTYLEGECLELLRRYLENGKETLQRA
DRB1,MVCLRLPGGSCMAVLTVTLMVLSSPLALAGDTRPRFLEEVKFECHFFNGTERVRLLERRVHNQEEYARYDSDVGEYRAVTELGRPDAEYWNSQKDLLERRRAAVDTYCRHNYGVGESFTVQRRVQPKVTVYPSKTQPLQHHNLLVCSVNGFYPGSIEVRWFRNGQEEKTGVVSTGLIQNGDWTFQTLVMLETVPQSGEVYTCQVEHPSVMSPLTVEWRARSESAQSKMLSGVGGFVLGLLFLGAGLFIYFRNQKGHSGLPPTGFLSRSADDHIQGRTYCPSFAG,285,HLA:HLA27609|DRB1*10:38|285|bp,FLEEVKFECHFFNGTERVRLLERRVHNQEEYARYDSDVGEYRAVTELGRPDAEYWNSQKDLLERRRAAVDTYCRHNYGVGESFTVQR
DQA2,MILNKALLLGALALTAVMSPCGGEDIVADHVASYGVNFYQSHGPSGQYTHEFDGDEEFYVDLETKETVWQLPMFSKFISFDPQSALRNMAVGKHTLEFMMRQSNSTAATNEVPEVTVFSKFPVTLGQPNTLICLVDNIFPPVVNITWLSNGHSVTEGVSETSFLSKSDHSFFKISYLTFLPSADEIYDCKVEHWGLDEPLLKHWEPEIPAPMSELTETLVCALGLSVGLMGIVVGTVFIIQGLRSVGASRHQGLL,255,HLA:HLA26079|DQA2*01:01:01:01|255|bp,DHVASYGVNFYQSHGPSGQYTHEFDGDEEFYVDLETKETVWQLPMFSKFISFDPQSALRNMAVGKHTLEFMMRQSNS
DMB,MITFLPLLLGLSLGCTGAGGFVAHVESTCLLDDAGTPKDFTYCISFNKDLLTCWDPEENKMAPCEFGVLNSLANVLSQHLNQKDTLMQRLRNGLQNCATHTQPFWGSLTNRTRPPSVQVAKTTPFNTREPVMLACYVWGFYPAEVTITWRKNGKLVMPHSSAHKTAQPNGDWTYQTLSHLALTPSYGDTYTCVVEHIGAPEPILRDWTPGLSPMQTLKVSVSAVTLGLGLIIFSLGVISWRRAGHSSYTPLPGSNYSEGWHIS,263,HLA:HLA00489|DMB*01:01:01:01|263|bp,FVAHVESTCLLDDAGTPKDFTYCISFNKDLLTCWDPEENKMAPCEFGVLNSLANVLSQHLNQKDTLMQRLRNGLQNCATHTQPFWGSLTNR
HFE,MGPRARPALLLLMLLQTAVLQGRLLRSHSLHYLFMGASEQDLGLSLFEALGYVDDQLFVFYDHESRRVEPRTPWVSSRISSQMWLQLSQSLKGWDHMFTVDFWTIMENHNHSKESHTLQVILGCEMQEDNSTEGYWKYGYDGQDHLEFCPDTLDWRAAEPRAWPTKLEWERHKIRARQNRAYLERDCPAQLQQLLELGRGVLDQQVPPLVKVTHHVTSSVTTLRCRALNYYPQNITMKWLKDKQPMDAKEFEPKDVLPNGDGTYQGWITLAVPPGEEQRYTCQVEHPGLDQPLIVIWEPSPSGTLVIGVISGIAVFVVILFIGILFIILRKRQGSRGAMGHYVLAERE,348,HLA:HLA14067|HFE*001:01:01|348|bp,SHSLHYLFMGASEQDLGLSLFEALGYVDDQLFVFYDHESRRVEPRTPWVSSRISSQMWLQLSQSLKGWDHMFTVDFWTIMENHNHSKESHTLQVILGCEMQEDNSTEGYWKYGYDGQDHLEFCPDTLDWRAAEPRAWPTKLEWERHKIRARQNRAYLERDCPAQLQQLLELGRG
G,MVVMAPRTLFLLLSGALTLTETWAGSHSMRYFSAAVSRPGRGEPRFIAMGYVDDTQFVRFDSDSACPRMEPRAPWVEQEGPEYWEEETRNTKAHAQTDRMNLQTLRGYYNQSEASSHTLQWMIGCDLGSDGRLLRGYEQYAYDGKDYLALNEDLRSWTAADTAAQISKRKCEAANVAEQRRAYLEGTCVEWLHRYLENGKEMLQRADPPKTHVTHHPVFDYEATLRCWALGFYPAEIILTWQRDGEDQTQDVELVETRPAGDGTFQKWAAVVVPSGEEQRYTCHVQHEGLPEPLMLRWKQSSLPTIPIMGIVAGLVVLGSCSHWSCGRCCAVEKEELRLKRRELLSGCK,349,HLA:HLA38338|G*01:50Q|349|bp,GSHSMRYFSAAVSRPGRGEPRFIAMGYVDDTQFVRFDSDSACPRMEPRAPWVEQEGPEYWEEETRNTKAHAQTDRMNLQTLRGYYNQSEASSHTLQWMIGCDLGSDGRLLRGYEQYAYDGKDYLALNEDLRSWTAADTAAQISKRKCEAANVAEQRRAYLEGTCVEWLHRYLENGKEMLQRA
MICA,MGLGPVFLLLAGIFPFAPPGAAAEPHSLRYNLTVLSGDGSVQSGFLTEVHLDGQPFLRCDRQKCRAKPQGQWAEDVLGNKTWDRETRDLTGNGKDLRMTLAHIKDQKEGLHSLQEIRVCEIHEDNSTRSSQHFYYDGELFLSQNLETEEWTMPQSSRAQTLAMNVRNFLKEDAMKTKTHYHAMHADCLQELRRYLKSGVVLRRTVPPMVNVTRSEASEGNITVTCRASGFYPWNITLSWRQDGVSLSHDTQQWGDVLPDGNGTYQTWVATRICQGEEQRFTCYMEHSGNHSTHPVPSGKVLVLQSHWQTFHVSAVAAAAAAAAAAIFVIIIFYVCCCKKKTSAAEGPELVSLQVLDQHPVGTSDHRDATQLGFQPLMSDLGSTGSTEGA,389,HLA:HLA30955|MICA*132|389|bp,EPHSLRYNLTVLSGDGSVQSGFLTEVHLDGQPFLRCDRQKCRAKPQGQWAEDVLGNKTWDRETRDLTGNGKDLRMTLAHIKDQKEGLHSLQEIRVCEIHEDNSTRSSQHFYYDGELFLSQNLETEEWTMPQSSRAQTLAMNVRNFLKEDAMKTKTHYHAMHADCLQELRRYLKSGVVLRR
DOA,MALRAGLVLGFHTLMTLLSPQEAGATKADHMGSYGPAFYQSYGASGQFTHEFDEEQLFSVDLKKSEAVWRLPEFGDFARFDPQGGLAGIAAIKAHLDILVERSNRSRAINVPPRVTVLPKSRVELGQPNILICIVDNIFPPVINITWLRNGQTVTEGVAQTSFYSQPDHLFRKFHYLPFVPSAEDVYDCQVEHWGLDAPLLRHWELQVPIPPPDAMETLVCALGLAIGLVGFLVGTVLIIMGTYVSSVPR,250,HLA:HLA00494|DOA*01:01:01:01|250|bp,DHMGSYGPAFYQSYGASGQFTHEFDEEQLFSVDLKKSEAVWRLPEFGDFARFDPQGGLAGIAAIKAHLDILVERSNR
B,MRVTAPRTLLLLLWGAVALTETWAGSHSMRYFYTAMSRPGRGEPRFITVGYVDDTQFVRFDSDATSPRMAPRAPWIEQEGPEYWDRETQISKTNTQTYRENLRTALRYYNQSEAGSHTWQTMYGCDLGPDGRLLRGHNQLAYDGKDYIALNEDLSSWTAADTAAQITQLKWEAARVAEQLRAYLEGECVEWLRRYLENGKETLQRADPPKTHVTHHPISDHEATLRCWALGFYPAEITLTWQRDGEDQTQDTELVETRPAGDRTFQKWAAVVVPSGEEQRYTCHVQHEGLPKPLTLRWEPSSQSTVPIVGIVAGLAVLAVVVIGAVVAAVMCRRKSSGGKGGSYSQAACSDSAQGSDVSLTALKGEILGV,371,HLA:HLA20105|B*13:123Q|371|bp,SHSMRYFYTAMSRPGRGEPRFITVGYVDDTQFVRFDSDATSPRMAPRAPWIEQEGPEYWDRETQISKTNTQTYRENLRTALRYYNQSEAGSHTWQTMYGCDLGPDGRLLRGHNQLAYDGKDYIALNEDLSSWTAADTAAQITQLKWEAARVAEQLRAYLEGECVEWLRRYLENGKETLQRA
DQA1,MILNKALMLGALALTTVTSPCGGEDIVADHVASYGVNLYQSYGPSGQYSHEFDGDEEFYVDLERKEETVWQLPLFRRFRRFDPQFALTNIAVLKHNLNIVIKRSNSTAATNEVPEVTVFSKSPVTLGQPNTLICLVDNIFPPVVNITWLSNGHSVTEGVSETSFLSKSDHSFFKISYLTFLPSDDEIYDCKVEHWGLDEPLLKHWEPEIPTPMSELTETVVCALGLSVGLVGIVVGTVLIIRGLRSVGASRHQGPL,256,HLA:HLA37540|DQA1*03:50Q|256|bp,DHVASYGVNLYQSYGPSGQYSHEFDGDEEFYVDLERKEETVWQLPLFRRFRRFDPQFALTNIAVLKHNLNIVIKRSNSTA
DRB3,MVCLKLPGGSSLAALTVTLMVLSSRLAFAGDTRPRFLELRKSECHFFNGTERVRYLDRYFHNQEEFLRFDSDVGEYRAVTELGRPVAESWNSQKDLLEQKRGRVDNYCRHNYGVGESFTVQRRVHPQVTVYPAKTQPLQHHNLLVCSVSGFYPGSIEVRWFRNGQEEKAGVVSTGLIQNGDWTFQTLVMLETVPRSGEVYTCQVEHPSVTSALTVEWRARSESAQSKMLSGVGGFVLGLLFLGAGLFIYFRNQKGHSGLQPTGFLS,266,HLA:HLA00887|DRB3*01:01:02:01|266|bp,FLELRKSECHFFNGTERVRYLDRYFHNQEEFLRFDSDVGEYRAVTELGRPVAESWNSQKDLLEQKRGRVDNYCRHNYGVGESFTVQR
DRB4,MVCLKLPGGSCMAALTVTLTVLSSPLALAGDTQPRFLEQAKCECHFLNGTERVWNLIRYIYNQEEYARYNSDLGEYQAVTELGRPDAEYWNSQKDLLERRRAEVDTYCRYNYGVVESFTVQRRVQPKVTVYPSKTQPLQHHNLLVCSVNGFYPGSIEVRWFRNSQEEKAGVVSTGLIQNGDWTFQTLVMLETVPRSGEVYTCQVEHPSMMSPLTVQWSARSESAQSKMLSGVGGFVLGLLFLGTGLFIYFRNQKGHSGLQPTGLLS,266,HLA:HLA00905|DRB4*01:01:01:01|266|bp,FLEQAKCECHFLNGTERVWNLIRYIYNQEEYARYNSDLGEYQAVTELGRPDAEYWNSQKDLLERRRAEVDTYCRYNYGVVESFTVQRR
DRB5,MVCLKLPGGSYMAKLTVTLMVLSSPLALAGDTRPRFLQQDKYECHFFNGTERVRFLHRDIYNQEEDLRFDSDVGEYRAVTELGRPDAEYWNSQKDFLEDRRAAVDTYCRHNYGVGESFTVQRRVEPKVTVYPARTQTLQHHNLLVCSVNGFYPGSIEVRWFRNSQEEKAGVVSTGLIQNGDWTFQTLVMLETVPRSGEVYTCQVEHPSVTSPLTVEWRAQSESAQSKMLSGVGGFVLGLLFLGAGLFIYFKNQKGHSGLHPTGLVS,266,HLA:HLA00915|DRB5*01:01:01:01|266|bp,FLQQDKYECHFFNGTERVRFLHRDIYNQEEDLRFDSDVGEYRAVTELGRPDAEYWNSQKDFLEDRRAAVDTYCRHNYGVGESFTVQRR
DQB2,MSWKMALQIPGGFWAAAVTVMLVMLSTPVAEARDFPKDFLVQFKGMCYFTNGTERVRGVARYIYNREEYGRFDSDVGEFQAVTELGRSIEDWNNYKDFLEQERAAVDKVCRHNYEAELRTTLQRQVEPTVTISPSRTEALNHHNLLVCSVTDFYPAQIKVQWFRNDQEETAGVVSTSLIRNGDWTFQILVMLEITPQRGDIYTCQVEHPSLQSPITVEWRAQSESAQSKMLGGVGGFVLGLIFLGLGLIIRHRGQKGPRGPPPAGLLH,268,HLA:HLA35619|DQB2*01:01:01:01|268|bp,DFLVQFKGMCYFTNGTERVRGVARYIYNREEYGRFDSDVGEFQAVTELGRSIEDWNNYKDFLEQERAAVDKVCRHNYEAELRTTLQRQ
MICB,MGLGRVLLFLAVAFPFAPPAAAAEPHSLRYNLMVLSQDESVQSGFLAEGHLDGQPFLRYDRQKRRAKPQGQWAEDVLGAKTWDTETEDLTENGQDLRRTLTHIKDQKGGLHSLQEIRVCEIHEDSSTRGSRHFYYDGELFLSQNLETQESTVPQSSRAQTLAMNVTNFWKEDAMKTKTHYRAMQADCLQKLQRYLKSGVAIRRTVPPMVNVTCSEVSEGNITVTCRASSFYPRNITLTWRQDGVSLSHNTQQWGDVLPDGNGTYQTWVATRIRQGEEQRFTCYMEHSGNHGTHPVPSGKVLVLQSQRTDFPYVSAAMPCFVIIIILCVPCCKKKTSAAEGPELVSLQVLDQHPVGTGDHRDAAQLGFQPLMSATGSTGSTEGA,383,HLA:HLA02033|MICB*001|383|bp,EPHSLRYNLMVLSQDESVQSGFLAEGHLDGQPFLRYDRQKRRAKPQGQWAEDVLGAKTWDTETEDLTENGQDLRRTLTHIKDQKGGLHSLQEIRVCEIHEDSSTRGSRHFYYDGELFLSQNLETQESTVPQSSRAQTLAMNVTNFWKEDAMKTKTHYRAMQADCLQKLQRYLKSGV
C,MRVMAPRTLLLLLSGALALTETWACSHSMRYFYTAVSRPSRGEPHFIAVGYVDDTQFVRFDSDAASPRGEPRAPWVEQEGPEYWDRETQKYKRQAQTDRVNLRKLRGYYNQSEAGSHTLQRMYGCDLGPDGRLLRGYDQSAYDGKDYIALNEDLRSWTAADTAAQITQRKWEAAREAEQWRAYLEGECVEWLRRYLENGKETLQRAEHPKTHVTHHPVSDHEATLRCWALGFYPTEITLTWQRDGEDQTQDTELVETRPAGDGTFQKWAAVVVPSGEEQRYTCHVQHEGLPEPLTLRWEPSSQPTIPIVGIVAGLAVLAVLAVLGAVVAVVMCVGGRAQVEKEGAALRLRPATVPRALMSLSSLVKPETAACVGLRCRISSHLSFVTSRASGISFYKGI,400,HLA:HLA31290|C*02:205Q|400|bp,TWACSHSMRYFYTAVSRPSRGEPHFIAVGYVDDTQFVRFDSDAASPRGEPRAPWVEQEGPEYWDRETQKYKRQAQTDRVNLRKLRGYYNQSEAGSHTLQRMYGCDLGPDGRLLRGYDQSAYDGKDYIALNEDLRSWTAADTAAQITQRKWEAAREAEQWRAYLEGECVEWLRRYLENGKETLQRA
DPB1,MMVLQVSAAPRTVALTALLMVLLTSVVQGRATPENYVYQGRQECYAFNGTQRFLERYIYNREEYARFDSDVGEFRAVTELGRPAAEYWNSQKDILEEKRAVPDRVCRHNYELDEAVTLQRRVQPKVNVSPSKKGPLQHHNLLVCHVTDFYPGSIQVRWFLNGQEETAGVVSTNLIRNGDWTFQILVMLEMTPQQGDVYICQVEHTSLDSPVTVEWKAQSDSAQSKTLTGAGGFVLGLIICGVGIFMHRRSKKVQRGSA,258,HLA:HLA00514|DPB1*01:01:01:01|258|bp,VYQGRQECYAFNGTQRFLERYIYNREEYARFDSDVGEFRAVTELGRPAAEYWNSQKDILEEKRAVPDRVCRHNYELDEAVTLQRR
DQB1,MSWKKSLRIPGDLRVATVTLMLAILSSSLAEGRDSPEDFVYQFKGLCYFTNGTERVRGVTRHIYNREEYVRFDSDVGVYRAVTPQGRPDAEYWNSQKEVLEGARASVDRVCRHNYEVAYRGILQRRVEPTVTISPSRTEALNHHNLLICSVTDFYPSQIKVRWFRNDQEETAGVVSTPLIRNGDWTFQILVMLEMTPQRGDVYTCHVEHPSLQSPITVEWRAQSESAQSKMLSGVGGFVLGLIFLGLGLIIRQRSRKGPQGPPPAGLLH,269,HLA:HLA00640|DQB1*05:03:01:01|269|bp,FVYQFKGLCYFTNGTERVRGVTRHIYNREEYVRFDSDVGVYRAVTPQGRPDAEYWNSQKEVLEGARASVDRVCRHNYEVAYRGILQRR
DMA,MGHEQNQGAALLQMLPLLWLLPHSWAVPEAPTPMWPDDLQNHTFLHTVYCQDGSPSVGLSEAYDEDQLFFFDFSQNTRVPRLPEFADWAQEQGDAPAILFDKEFCEWMIQQIGPKLDGKIPVSRGFPIAEVFTLKPLEFGKPNTLVCFVSNLFPPMLTVNWQHHSVPVEGFGPTFVSAVDGLSFQAFSYLNFTPEPSDIFSCIVTHEIDRYTAIAYWVPRNALPSDLLENVLCGVAFGLGVLGIIVGIVLIIYFRKPCSGD,261,HLA:HLA00485|DMA*01:01:01:01|261|bp,NHTFLHTVYCQDGSPSVGLSEAYDEDQLFFFDFSQNTRVPRLPEFADWAQEQGDAPAILFDKEFCEWMIQQIGPKLDGKIPVSRGFP
A,MAVMAPRTLLLLLLGALALTQTWAGSHSMRYFTTSVSRPGRGEPRFIAVGYVDDTQFVRFDSDAASQRMEPRAPWIEQEGPEYWDLQTRNVKAQSQTDRANLGTLRGYYNQSEAGSHTIQMMYGCDVGSDGRFLRGYRQDAYDGKDYIALNEDLRSWTAADMAAQITQRKWEAARVAAQITQRKWEAARVAEQLRAYLEGTCVEWLRRYLENGKETLQRTDAPKTHMTHHAVSDHEATLRCWALSFYPAEITLTWQRDGEDQTQDTELVETRPAGDGTFQKWASVVVPSGQEQRYTCHVQHEGLPKPLTLRWEPSSQPTIPIVGIIAGLVLFGAVFAGAVVAAVRWRRKSSDRKGGSYSQAASSDSAQGSDMSLTACKV,379,HLA:HLA21357|A*29:126Q|379|bp,TWAGSHSMRYFTTSVSRPGRGEPRFIAVGYVDDTQFVRFDSDAASQRMEPRAPWIEQEGPEYWDLQTRNVKAQSQTDRANLGTLRGYYNQSEAGSHTIQMMYGCDVGSDGRFLRGYRQDAYDGKDYIALNEDLRSWTAADMAAQITQRKWEAARVAAQITQRKWEAARVAEQLRAYLEGTCVEWLRRYLENGKETLQRT
DOB,MGSGWVPWVVALLVNLTRLDSSMTQGTDSPEDFVIQAKADCYFTNGTEKVQFVVRFIFNLEEYVRFDSDVGMFVALTKLGQPDAEQWNSRLDLLERSRQAVDGVCRHNYRLGAPFTVGRKVQPEVTVYPERTPLLHQHNLLHCSVTGFYPGDIKIKWFLNGQEERAGVMSTGPIRNGDWTFQTVVMLEMTPELGHVYTCLVDHSSLLSPVSVEWRAQSEYSWRKMLSGIAAFLLGLIFLLVGIVIQLRAQKGYVRTQMSGNEVSRAVLLPQSC,273,HLA:HLA01098|DOB*01:01:01:01|273|bp,FVIQAKADCYFTNGTEKVQFVVRFIFNLEEYVRFDSDVGMFVALTKLGQPDAEQWNSRLDLLERSRQAVDGVCRHNYRLGAPFTVGRK
DPA1,MRPEDRMFHIRAVILRALSLAFLLSLRGAGAIKADHVSTYAMFVQTHRPTGEFMFEFDEDEQFYVDLDKKETVWHLEEFGRAFSFEAQGGLANIAILNNNLNTLIQRSNHTQAANDPPEVTVFPKEPVELGQPNTLICHIDRFFPPVLNVTWLCNGEPVTEGVAESLFLPRTDYSFHKFHYLTFVPSAEDVYDCRVEHWGLDQPLLKHWEAQEPIQMPETTETVLCALGLVLGLVGIIVGTVLIIKSLRSGHDPRAQAPVKYCKGGNVKKEVLEFVECKEGRKNSIX,287,HLA:HLA29242|DPA1*02:38Q|287|bp,HVSTYAMFVQTHRPTGEFMFEFDEDEQFYVDLDKKETVWHLEEFGRAFSFEAQGGLANIAILNNNLNTLIQRSNHTQ
E,MVDGTLLLLLSEALALTQTWAGSHSLKYFHTSVSRPGRGEPRFISVGYVDDTQFVRFDNDAASPRMVPRAPWMEQEGSEYWDRETRSARDTAQIFRVNLRTLRGYYNQSEAGSHTLQWMHGCELGPDRRFLRGYEQFAYDGKDYLTLNEDLRSWTAVDTAAQISEQKSNDASEAEHQRAYLEDTCVEWLHKYLEKGKETLLHLEPPKTHVTHHPISDHEATLRCWALGFYPAEITLTWQQDGEGHTQDTELVETRPAGDGTFQKWAAVVVPSGEEQRYTCHVQHEGLPEPVTLRWKPASQPTIPIVGIIAGLVLLGSVVSGAVVAAVIWRKKSSGGKGGSYSKAEWSDSAQGSESHSL,358,HLA:HLA00934|E*01:01:01:01|358|bp,GSHSLKYFHTSVSRPGRGEPRFISVGYVDDTQFVRFDNDAASPRMVPRAPWMEQEGSEYWDRETRSARDTAQIFRVNLRTLRGYYNQSEAGSHTLQWMHGCELGPDRRFLRGYEQFAYDGKDYLTLNEDLRSWTAVDTAAQISEQKSNDASEAEHQRAYLEDTCVEWLHKYLEKGKETLL
DRA,MAISGVPVLGFFIIAVLMSAQESWAIKEEHVIIQAEFYLNPDQSGEFMFDFDGDEIFHVDMAKKETVWRLEEFGRFASFEAQGALANIAVDKANLEIMTKRSNYTPITNVPPEVTVLTNSPVELREPNVLICFIDKFTPPVVNVTWLRNGKPVTTGVSETVFLPREDHLFRKFHYLPFLPSTEDVYDCRVEHWGLDEPLLKHWEFDAPSPLPETTENVVCALGLTVGLVGIIIGTIFIIKGVRKSNAAERRGPL,254,HLA:HLA00662|DRA*01:01:01:01|254|bp,EHVIIQAEFYLNPDQSGEFMFDFDGDEIFHVDMAKKETVWRLEEFGRFASFEAQGALANIAVDKANLEIMTKRSNYT
SLA-I,PHSLSYFYTAVSRPDRGDSRFFIVGYVDDTQFVRFDSDAPNAKMEPRAQWIQQEGPEYWDRETQISKDNAQTYRVSLNNLRGYYNQSEAGSHTYQNMYGCYLGPDGLLLRGYSQYGYDGADYIALNEDLRSWTAADMAAQISKRKWEAADAAEQWRSYLQGRCVEWLQKYLEMGKDTLQRA,181,SLA09710|SLA-1*08:16|181|bp,PHSLSYFYTAVSRPDRGDSRFFIVGYVDDTQFVRFDSDAPNAKMEPRAQWIQQEGPEYWDRETQISKDNAQTYRVSLNNLRGYYNQSEAGSHTYQNMYGCYLGPDGLLLRGYSQYGYDGADYIALNEDLRSWTAADMAAQISKRKWEAADAAEQWRSYLQGRCVEWLQKYLEMGKDTLQRA
BOLA-I,MGPRTLFVLLLGALVLTETRAGSHSLKYFHTAVSRPGDGEPRFITVGYVDDTQFVRFDSDAPDPRKEPRAPWIEKEGPEYWDRETRISKENTLVYRGSLNNLRGYYNQSEAGSHTFQQMYGCDVGPDGRLLRGFKQFAYDSRDYIALNEELRSWTAADTAAQITKRKWEAAGAAETWRNYLEGECVEWLRRYLENGKDTLLRADPPKAHVTHHPISDREVTLRCWALGFYPKEISLTWQRNGEDQTQDMELVETRPSGDGNFQKWAALVVPSGEEQRYTCHVQHEGLQEPLTLRWEPPQTSFLIMGIIVGLVLLVVAVVAGAVIWRKKRSGEKRQTYTQAASGDSDQGSDVSLTVPKV,358,BOLA03175|BoLA-1*007:01:01:01|358|bp,GSHSLKYFHTAVSRPGDGEPRFITVGYVDDTQFVRFDSDAPDPRKEPRAPWIEKEGPEYWDRETRISKENTLVYRGSLNNLRGYYNQSEAGSHTFQQMYGCDVGPDGRLLRGFKQFAYDSRDYIALNEELRSWTAADTAAQITKRKWEAAGAAETWRNYLEGECVEWLRRYLENGKDTLLRAD
Patr-I,MAVMPPRTLLLLLSGALALTQTWAGSHSMRYFFTSVSRPGRGEPRFIAVGYVDDTQFVRFDSDAASQRMEPRAPWIEQEGPEYWDQETRSAKAHSQTDRVDLGTLRGYYNQSEDGSHTIQIMYGCDVGSDGRFLRGYRQDAYDGKDYIALNEDLRSWTAADMAAQITKRKWEAAHAAEQQRAYLEGTCVEWLRRYLENGKETLQRTDPPKTHMTHHPISDHEATLRCWALGFYPAEITLTWQRDGEDQTQDTELVETRPAGDGTFQKWAAVVVPSGEEQRYTCHVQHEGLPKPLTLRWEPSSQPTIPIVGIIAGLVLLGAVITGAVVAAVMWRRKSSDRKGGSYTQAASSDSAQGSDVSLTACKV,365,NHP00705|Patr-A*01:01:01:01|365|bp,GSHSMRYFFTSVSRPGRGEPRFIAVGYVDDTQFVRFDSDAASQRMEPRAPWIEQEGPEYWDQETRSAKAHSQTDRVDLGTLRGYYNQSEDGSHTIQIMYGCDVGSDGRFLRGYRQDAYDGKDYIALNEDLRSWTAADMAAQITKRKWEAAHAAEQQRAYLEGTCVEWLRRYLENGKETLQRT
DLA-I,MVPGTLALLLSGALAVTLTRAGSHSLRYFYTSVSRPGRGDPRFIAVGYVDDTQFVRFDSDAATGRMEPRAPWVEQEGPEYWDPQTRTIKETARTFRVDLDTLRGYYNQSEAGSHTFQWMFGCDLGPGGRLLRGYSQDAYDGADYIALNEDLRSWTAADAAAQITRRKREAAGDAGHLRNYLETTCVEWLRRYLEMGKETLLRAEPPSTRVTRHPVSDHEVTLRCWALGFYPAEITLTWQRDGEDQTQDTEVVDTRPAGDGTFQKWAAVVVPSGQEQRYTCHVQHEGLVEPVTRRWEPSPLSTIVIVSIAALVLLVVAGVIGAVIWRKQRSGGKGPGYSHAARDDSAQGSDVSLTAPRVX,359,DLA08375|DLA-12*001:01:01|359|bp,SHSLRYFYTSVSRPGRGDPRFIAVGYVDDTQFVRFDSDAATGRMEPRAPWVEQEGPEYWDPQTRTIKETARTFRVDLDTLRGYYNQSEAGSHTFQWMFGCDLGPGGRLLRGYSQDAYDGADYIALNEDLRSWTAADAAAQITRRKREAAGDAGHLRNYLETTCVEWLRRYLEMGKETLLRA
Mamu-I,MAIMAPRTLLLVLSGALVLTQTRAGSHSMKYFYTSMSRPGRGQPRFIAVGYVDDTQFVRFDSDAASQRMEPRAPWVEQEGPEYWDRETRNMKTETQNAPVNLRTLLRYYNQSEAGSHTLQRMVGCDLGPDGRLLRGYEQYAYDGKDYIALNEDLRSWTAADVAAQNTQRKWEAADVAESMRAYLEGQCVEWLPRYLEKGKETLQRTDPPKTHVTHHPVSDHEATLRCWALGFYPAEITLTWQRDGEDQTQDTELVETRPAGDGTFQKWAAVVVPSGEEQRYTCHVQHEGLPKPHTLKWEPFSQSTIPMVGIIAGLVLLGAVVTGAVVAAVMWRRKSSDRKGGSYSQAASSDSAQGSDVSLTACKV,365,NHP01865|Mamu-A1*001:01:01:01|365|bp,GSHSMKYFYTSMSRPGRGQPRFIAVGYVDDTQFVRFDSDAASQRMEPRAPWVEQEGPEYWDRETRNMKTETQNAPVNLRTLLRYYNQSEAGSHTLQRMVGCDLGPDGRLLRGYEQYAYDGKDYIALNEDLRSWTAADVAAQNTQRKWEAADVAESMRAYLEGQCVEWLPRYLEKGKETLQRT
DPA-Patr-II,MRPEDRMFHIRAVIFRALSLAFLLSLRGAGAIKADHVSTYAMFVQTHRPTGEFMFEFDEDEQFYVDLDKKETVWHLEEFGRAFSFEAQGGLANIAILNNNLNILIQRSNHTQAANDPPEVTVFPKEPVELGQPNTLICHIDKFFPPVLNVTWLCNGEPVTEGVAESLFLPRTDYSFHKFHYLTFVPSAEDFYDCKVEHWGLDQPLLKHWEAQEPIQMPETRETVLCALGLVLGLVGIIVGTILIIKSLRSGRDPRAQGPL,260,NHP08741|Patr-DPA1*01:01|260|bp,DHVSTYAMFVQTHRPTGEFMFEFDEDEQFYVDLDKKETVWHLEEFGRAFSFEAQGGLANIAILNNNLNILIQRSNHT
DPB-Patr-II,MMVLQVSAASRTVALTALLMVLLTSVVQGRATPAENYVYQGRQECYAFNGTQRFLERYIYNREEYARFDSDVGEFRAVTELGRPDAEYWNSQKDLLEEKRAVPDGMCRHNYELDEAVTLQRRVQPKVNVSPSKKGPLQHHNLLVCHVTDFYPGSIQVRWFLNGQEETAGVVSTNLIRNGDWTFQILVMLEMTPQQGDVYICQVEHTSLDSPVTVEWKAQSDSARSKTLTGAGGFVLGLIICGVGIFMHRRSKKVQRGSA,259,NHP00813|Patr-DPB1*01:07|259|bp,ENYVYQGRQECYAFNGTQRFLERYIYNREEYARFDSDVGEFRAVTELGRPDAEYWNSQKDLLEEKRAVPDGMCRHNYELDEAVTLQRR
DQA-Patr-II,MILNKALLLGALALTTVMSPCGGEDIVADHVASYGVNLYQSYGPSGQYTHEFDGDEEFYVDLERKETVWQLPLFRSFRGFDPQGALTNIAIAKHNLNILIKRSNSTAATNEVPEVTVFSKSPVTLDQPNTLICLVDNIFPPVVNITWLSNGHSVTEGVSETSFLSKSDHSFFKISYLTFLPSADEIYDCKVEHWGLDEPLLKHWEPEIPAPMSELTETVVCTLGLSVGLVGIVVGTVLIIRGLRSVGASRHQGPL,255,>NHP00835|Patr-DQA1*20:01:01:01|255|bp,EDIVADHVASYGVNLYQSYGPSGQYTHEFDGDEEFYVDLERKETVWQLPLFRSFRGFDPQGALTNIAIAKHSLNILIKRS
DQB-Patr-II,MSWKKALRIPGGLRAATVTLVLAMLSTPVAEGRDSPEDFVYQFKGMCYFTNGTERVRLVTRYIYNREEYVRFDSDVGVYRAVTPLGPPAAEYWNSQKEVLERTRAELDTVCRHNYQLELRTTLQRRVEPTVTISPSRTEALNHHNLLVCSVTDFYPGQIKVRWFRNDQEETTGVVSTPLIRNGDWTFQILVMLEMTPQHGDVYTCHVEHPSLQNPITVEWRAQSESAQSKMLSGVGGFVLGLIFLGLGLIIHHRSQKGLLH,261,>NHP00839|Patr-DQB1*03:02:01:01|261|bp,FVYQFKGMCYFTNGTERVRLVTRYIYNREEYVRFDSDVGVYRAVTPLGPPAAEYWNSQKEVLERTRAELDTVCRHNYQLELRTTLQRR
DRA-Patr-II,MAVSGVPVLGFFIIAVLMGAQESWAIKEEHVIIQAEFYLNPDQSGEFMFDFDGDEIFHVDMAKKETVWRLEEFGRFASFEAQGALANIAVDKANLEIMTKRSNYTPITNVPPEVTVLTNSPVELREPNILICFIDKFTPPVVNVTWLRNGKPVTTGVSETVFLPREDHLFRKFHYLPFLPSTEDVYDCRVEHWGLDEPLLKHWEFDAPSPLPETTENVVCALGLTVGLVGIIIGTIFIIKGVRKSNAAERRGPL,254,NHP02209|Patr-DRA*01:01:01|254|bp,IKEEHVIIQAEFYLNPDQSGEFMFDFDGDEIFHVDMAKKETVWRLEEFGRFASFEAQGALANIAVDKANLEIMTKRSNY
DRB-Patr-II,MLCLKLPGVSCMTALTVTLMVLSSPLALAGDTRSRFLLQPKGECHFFNGTERVRFLERDIYNQEEFMRFDSDVGEYRAVTELGRPVAEYCNSQKDILEQARAAVDNYCRHNYGVGESFTVQRRVQPKVTVYPAKTQPLQHHNLLVCSVSGFYPGSIEVRWFLNGQEEKAGVVSTGLIQNGDWTFQTLVMLETVPRSGEVYTCQVEHPSVTSPLTVEWRARSESAQSKMLSGVGGFVLGLLFLGAGLFIYFRNQKGHSGLQPTGFLS,266,NHP00849|Patr-DRB1*02:01:01:01|266|bp,RFLLQPKGECHFFNGTERVRFLERDIYNQEEFMRFDSDVGEYRAVTELGRPVAEYCNSQKDILEQARAAVDNYCRHNYGVGESFTVQRR
DMA-Mamu-II,PTPVWRDDLQNHTFLHTVYCQDGSPSMGLSEAYDEDQLFFFDFSQNTRVPRLPEFADWAQEQGDAPAILFDKAFCEMMIQQIGPQLDGKIPVSR,94,NHP05220|Mamu-DMA*02:01:01|94|bp,PTPVWRDDLQNHTFLHTVYCQDGSPSMGLSEAYDEDQLFFFDFSQNTRVPRLPEFADWAQEQGDAPAILFDKAFCEMMIQQIGPQLDGKIPVSR
DMB-Mamu-II,GFVAHVESTCLLDDDGTAKDFTYCISFNKDLLTCWDPEENKMVPCEFGVLNPLANGISHYLNQQDTLMQRLRNGLQNCTTHTQPFWGSLTHRT,93,NHP05226|Mamu-DMB*03:01|93|bp,GFVAHVESTCLLDDDGTAKDFTYCISFNKDLLTCWDPEENKMVPCEFGVLNPLANGISHYLNQQDTLMQRLRNGLQNCTTHTQPFWGSLTHRT
DPA-Mamu-II,MHPEDRMFQTRAVILRTLSLALLLSLGGAGAIKADHVSTYAAFVQTHRPTGEYMFEFDEDEQFYVDLDKKETVWHLEEFGRAFSFEAQGGLANIAILNNNLNITIQLSNHTQAANDPPEVTVFPKEPVALGQPNTLICHIDKFFPPVLNVTWLCNGEPVTEGVAESLFLPRTDYSFHKFHYLTFVPSAEDYYDCRVEHWGLDQPLLKHWEAQEPIQIPETTETVLCALGLVLGLVGIIVGTVLIIKSLRSGRDPRAQGPL,260,NHP05404|Mamu-DPA1*02:16|260|bp,DHVSTYAAFVQTHRPTGEYMFEFDEDEQFYVDLDKKETVWHLEEFGRAFSFEAQGGLANIAILNNNLNITIQLSNHTQA
DPB-Mamu-II,MMVLQVSAAPRTVGLMALLMVLLTSVVQGRATPENYLYQGRQECYAFNGTQRFLERYIYNREEYARFDSDVGEFRAVTELGRPAVEYWNSQKDRLEEKRAVVDTMCRHNYELDEAVTLQRRVQPRVNIAPSKKGPLQHHNLLVCHVTDFYPGSIQVRWFLNGQEETTGVVSTNLIRNGDWTFQILVMLEMTPQQGDVYTCQVEHPSLDSPVTVEWKAQSDSARSKTLTGAGGFVLGLITCGVGIFMHRRSKKVQRGSV,258,NHP00365|Mamu-DPB1*01:01|258|bp,ATPENYLYQGRQECYAFNGTQRFLERYIYNREEYARFDSDVGEFRAVTELGRPAVEYWNSQKDRLEEKRAVVDTMCRHNYELDEAVTLQRR
DQA-Mamu-II,MILNKALMLAALALTTVMSPCGGEEIVADHVASYGVNLYQSYGFSGQFTHEFDGDEQFYVDLERKETVWQLPVLSQFSFDAQFALTNIAVGKQNLNYLMKQSNSTAATNEVPEVTVFSKSPVTLGHPNTLICLVDNIFPPVVNITWLSNGHSVTEGVSETSFLSKSDHSFFKISYLTFLASADEIYDCKVEHWGLDEPLLKHWEPEIPAPMSELTETVVCALGLSVGLVGIVVGTVFIIRGLRSVGASRHQGPL,254,NHP00385|Mamu-DQA1*05:01|254|bp,VADHVASYGVNLYQSYGFSGQFTHEFDGDEQFYVDLERKETVWQLPVLSQFSFDAQFALTNIAVGKQNLNYLMKQSNST
DQB-Mamu-II,MSWKKALRIPGGLRAATVTLMLAMLSTPVAEGRDAPEDFVYQFKAMCYFTNWTERVRYVTRYIYNREEFVRFDSAVGEYRAVTPQGRLDAEYWNSQKDVLESTRAELDTVCKHNYEVAFRGILQRRVEPTVTISPSRTEALNHHNLLVCSVTDFYPGQIKVRWFRNNQEETVGVVSTPLIRNGDWTFQILVMLEMTPQRGDVYTCHVEHPSLQSPITVEWRAQSESAQSKLLSGIGGLVLGLIFFGLGLIIRQRSQKGLPH,261,NHP00398|Mamu-DQB1*06:01:01:01|261|bp,FVYQFKAMCYFTNWTERVRYVTRYIYNREEFVRFDSAVGEYRAVTPQGRLDAEYWNSQKDVLESTRAELDTVCKHNYEVAFRGILQRR
DRA-Mamu-II,MAESGVPVLGFFIIAVLMSAQESWAIKEEHVIIQAEFYLNPDQSGEFMFDFDGDEIFHVDMAKKETVWRLEEFGRFASFEAQGALANIAVDKANLEIMTKRSNNTPITNVPPEVTVLTNSPVELGEPNVLICFIDKFSPPVVKVTWLKNGKPVTTGVSETVFLPREDHLFRKFHYLPFLPSTEDIYDCKVEHWCLDAPLLKHWEFDAPSPLPETTENVVCALGLIVGLVGIIVGTVFIIKGVRKSNAAERRGPL,254,NHP04408|Mamu-DRA*01:01|254|bp,HVIIQAEFYLNPDQSGEFMFDFDGDEIFHVDMAKKETVWRLEEFGRFASFEAQGALANIAVDKANLEIMTKRSNNTP
DRB-Mamu-II,MVCLKLPGGSCMAPLTVTLMVLSSPLALAGDTRPRFLEYCKFECHFFNGTELMLYLIRYFHNQEEYVRYDSDVGEYRAVTELGRPVAENWNSQKDLLEQRRAEVDTYCRHNYGVGESFTVQRRVQPKVTVYPAKTQPLQHHTLLVCSVNGFYPGSIEVRWFRNGQEEKTGVVSTGLIHNGDWTFQTLVMLETVPQSGEVYTCQVEHPSVTSPLTVEWRARSESAQSKMLSGVGGFVLGLLFLGAGLFVYFRNQKGHSGLQPTGLLS,266,NHP00524|Mamu-DRB*W001:01|266|bp,RFLEYCKFECHFFNGTELMLYLIRYFHNQEEYVRYDSDVGEYRAVTELGRPVAENWNSQKDLLEQRRAEVDTYCRHNYGVGESFTVQRR
DQA-DLA-II,DHVANYGINVYQSYGPSGQYTHEFDGDEEFYVDLEKKETVWRLPVFSTFRSFDPQGALRNLAIIKQNLNIMTKRSNQTAAT,81,DLA08117|DLA-DQA1*001:01|81|bp,DHVANYGINVYQSYGPSGQYTHEFDGDEEFYVDLEKKETVWRLPVFSTFRSFDPQGALRNLAIIKQNLNIMTKRSNQTAAT
DQB-DLA-II,DFVYQFKGECYFTNGTERVRLLTRDIYNREEHVRFDSDVGEYRAVTELGRPDAEYWNGQKELLERRRAEVDTVCRHNYGREELTTLQR,88,DLA07983|DLA-DQB1*001:01|88|bp,DFVYQFKGECYFTNGTERVRLLTRDIYNREEHVRFDSDVGEYRAVTELGRPDAEYWNGQKELLERRRAEVDTVCRHNYGREELTTLQR
DOA-SLA-II,MVLHGGLVLGLHILMTLLSPQKAGAIKADHMGSYGPAFYQSYDGSGQFTYDFDGEQLFSVDLKKREAVWRLPEFSNFADFDPQNGLRGIALIRAHLDVLVERSNHTRATNVPPRVTVLPKSPVALGQPNVLICIVDNIFPPVINITWLHNGQTVTEGVTQTSFYAQPDHSFRKFHYLTFVPSAGDFYDCKVEHWGLDEPLFTHWEPQVTMPLPDTTETLVCALGLALGLVGFLVGVTLIITGRRRSSSPR,250,SLA08547|SLA-DOA*01:01|250|bp,DHMGSYGPAFYQSYDGSGQFTYDFDGEQLFSVDLKKREAVWRLPEFSNFADFDPQNGLRGIALIRAHLDVLVERSNHTRA
DOB-SLA-II,MIYTTSFSFSPSRMGSSWVPWVVALLVMVIRLDSSMTQGRDPPEDFVIQAKADCYFTNGTQRVQFVVRFIFNLEEFVRFDSDLGKFVALTELGQPDAELWNSRPDILESSRASVDVLCRRNYWLGAPLTVERKVQPEVTVHPERTPSLQLRNLLLCSVTGFYPGAIEIRWFRNGQEQREGVLATGLVRNGDWTFQTVVMLEMTPELGDVYTCLVDHPSLLSPVSVEWRAQSDCSWTKLLIGVAAFLGGLTFLLVGIIIHVRARKGRVETQLSGDEPH,277,SLA08549|SLA-DOB1*01:01|277|bp,EDFVIQAKADCYFTNGTQRVQFVVRFIFNLEEFVRFDSDLGKFVALTELGQPDAELWNSRPDILESSRASVDVLCRRNYWLGAPLTVER
DQA-SLA-II,MVPGRVLMWGALALTTVMSACGGEDIAADHVASYGLNVYQSYGPSGYFTHEFDGDEEFYVDLEKKETVWRLPLFSEFTSFDPQGALRNIATLKHNLNIVTKRSNNTAAVNQVPEVTVFSKSPVILGQPNTLICHVDSIFPPVINITWLKNGHSVKGFSETSFLSKNDHSFLKISYLTFLPSDDDFYDCKVEHWGLDKPLLKHWEPEIPAPMSELTETVVCALGLIVGLVGIVVGTVFIIQGLRSGGPSRHQGSL,254,SLA05925|SLA-DQA*01:01|254|bp,ADHVASYGLNVYQSYGPSGYFTHEFDGDEEFYVDLEKKETVWRLPLFSEFTSFDPQGALRNIATLKHNLNIVTKR
DQB-SLA-II,MSGMVALRLPRGLWTAAVTMMLVVLGAPVAEGRDSPQDFVFQFKFECYFFNGTQRVRLVARYIYNQEELLRFDSDVGEYRAVTPLGRPEADSWNGQKDVLEQTRAELDTVCKHNYQIEEGTTLQRRVQPTVTISPSKAEALNHHNLLVCAVTDFYPSQVKVQWFRNGQEETAGVVSTPLIRNGDWTYQVLVMLEMNLQRGDVYTCRVEHSSLQSPILVEWRAQSESAQSKMLSGVGGFVLGLIFLGLGLFIRHRSQKGLVR,261,SLA05945|SLA-DQB1*01:01|261|bp,GRDSPQDFVFQFKFECYFFNGTQRVRLVARYIYNQEELLRFDSDVGEYRAVTPLGRPEADSWNGQKDVLEQTRAELDTVCKHNYQIEEGTTLQRR
DRA-SLA-II,MTILGVPVLGFVITILNLQKSWAIVENHVIIQAEFYLSPDKSGEFMFDFDGDEIFHVDMEKRETVWRLEEFGHFASFEAQGALANIAVDKANLEIMIKRSNNTPNTNVPPEVTVLSDKPVELGEPNILICFIDKFSPPVVNVTWLRNGSPVTRGVSETVFLPREDHLFRKFHYLPFMPSTEDVYDCQVEHWGLDKPLLKHWEFEAQTPLPETTENTVCALGLIVALVGIIVGTVLIIKGVRKGNATERRGPL,252,SLA05989|SLA-DRA*01:01:01|252|bp,VIIQAEFYLSPDKSGEFMFDFDGDEIFHVDMEKRETVWRLEEFGHFASFEAQGALANIAVDKANLEIMIKRSNNTPN
DRB-SLA-II,MFSSMLHLCFSRGFWMAALTVMLVVLSPPLALARDTPPHFLFLVKDECHFFNGTERVRLLQKQYYNGEEHVRFDSDVGEYRAVTELGRPDAKYWNSQKDLLEQMRAAVDTYCRHNYRILDTFLVPRRAEPTVTVYPAKTQPLQHHNLLVCSVTGFYPGHVEVRWFRNGQEEAAGVVSTGLIPNGDWTFQTMVMLETVPQSGEVYSCRVEHPSLTSPVTVEWRARSESAQGKMMSGVGGFVLGLLFVAVGLFIYFKNQKGRPALQPTGLLS,270,SLA06002|SLA-DRB1*01:01|270|bp,PHFLFLVKDECHFFNGTERVRLLQKQYYNGEEHVRFDSDVGEYRAVTELGRPDAKYWNSQKDLLEQMRAAVDTYCRHNYRILDTFLVPRR
DQA-BOLA-II,MILNRALIWGALALTTMMGPSGSEDIVADHIGAYGINVYHTYGPSGYYTHEFDGDEEFYVDLEKRETVWRLPVFSKFTSFDPQGALRNIATAKHNLEVLIQRSNSTAATNKVPEMTVFPKSPVMLGQPNTLICHVDNIFPPVINITWLRNGHLVIEGISETSFLSKDDHSFAKISYLTFLPSDDDVYDCKVEHWGLDKPLLKHWEPEIPAPMSELTETVVCALGLTVGLVGIVVGTVLIIRGLRSGGPSRHQGPL,255,BOLA02987|BoLA-DQA*001:01|255|bp,VADHIGAYGINVYHTYGPSGYYTHEFDGDEEFYVDLEKRETVWRLPVFSKFTSFDPQGALRNIATAKHNLEVLIQRSNSTAATNK
DQB-BOLA-II,MFGMVALRIPRALWTAVVMVTLVMLSTPGAEGRDSPKDFVFQFMGQCYFTNGTERVRYVTRYIYNQEEFARFDSDWDEYRAVTPLGRPDAELWNSQKDILERTRAEVDRVCRNNYQVDAPFTWQRQVEPTVTISPSRTEALNHHNLLVCSVTDFYPGQIKVRWFRNDREETAGVVSTPLIGNGDWTFQILVMLEMTPQRGDVYTCHVEHPSLQSPISVEWRAQSESAQSKMLSGVGGFVLGLIFLGLGLIIRHRSQKGLMR,261,BOLA03054|BoLA-DQB*010:05|261|bp,FVFQFMGQCYFTNGTERVRYVTRYIYNQEEFARFDSDWDEYRAVTPLGRPDAELWNSQKDILERTRAEVDRVCRNNYQVDAPFTWQRQVEPT
DRA-BOLA-II,MAITRVPILGLFITVLIGLQESWAIKENHVIIQAEFYLKPEESAEFMFDFDGDEIFHVDMGKKETVWRLPEFGHFASFEAQGALANMAVMKANLDIMIKRSNNTPNTNVPPEVTLLPNKPVELGEPNTLICFIDKFSPPVISVTWLRNGKPVTDGVSQTVFLPRNDHLFRKFHYLPFLPTTEDVYDCKVEHLGLNEPLLKHWEYEAPAPLPETTENAVCALGLIVALVGIIAGTIFIIKGVRKANTVERRGPL,253,BOLADRA|BoLA-DRA*01|253,ENHVIIQAEFYLKPEESAEFMFDFDGDEIFHVDMGKKETVWRLPEFGHFASFEAQGALANMAVMKANLDIMIKRSNNTPN
DRB-BOLA-II,HFLEYSKSECHFFNGTERVRFLDRYYTNGEETVRFDSDWGEFRAVTELGRQDAEYWNSQKDFLEEKRAEVDRVCRHNYGGMESFTVQRRVEPTVTVYPAKTQPLQHHNLLVCSVNGFYPGHIEVRWFRNAHEEEAVDHPSRTSPITVEWRARSDSAQSKMMSGVGGFVLGLLFLAVGLFIYFR,183,BOLA03100|BoLA-DRB3*001:01|183|bp,HFLEYSKSECHFFNGTERVRFLDRYYTNGEETVRFDSDWGEFRAVTELGRQDAEYWNSQKDFLEEKRAEVDRVCRHNYGGMESFTVQRR
