	id	mhc_seq	peptide	anchors	mhc_type
133	HLADPA10301_HLADPB10402_1	MFEFDEQAFSFNHTQAFLPRYSFHKFHYLTFVPSAEDFYDCRGLDQPLLKHWEAQEPIQMPETLCRSGHDPRAQGTL/LFQGRQECYAFNGTQRFLERYIYNREEFVRFDSDVGEFRAVTELGRPDEEYWNSQKDILEEKRAVPDRMCRHNYELGGPMTLQRR	ALRWNLQMGHSVLPK		2
197	HLADQA10201_HLADQB10202_1	FTHEFDGITWLSNGHSVTEGVSETSFLSKSDHSFFKISYLTFLPSAEHWGLDEPLLKHWEPEIPAVCALGLSVGLRSVGASR/FVYQFKGMCYFTNGTERVRLVSRSIYNREEIVRFDSDVGEFRAVTLLGLPAAEYWNSQKDILERKRAAVDRVCRHNYQLELRTTLQRR	PCRAGFETNVSHNVQ		2
216	HLADQA10201_HLADQB10301_10	FTHEFDGITWLSNGHSVTEGVSETSFLSKSDHSFFKISYLTFLPSAEHWGLDEPLLKHWEPEIPAVCALGLSVGLRSVGASR/FVYQFKAMCYFTNGTERVRYVTRYIYNREEYARFDSDVEVYRAVTPLGPPDAEYWNSQKEVLERTRAELDTVCRHNYQLELRTTLQRR	PGVTVKDVNQQEFVRALAAFL		2
288	HLADQA10501_HLADQB10301_5	YTHEFDGITWLSNGHSVTEGVSETSFLSKSDHSFFKISYLTLLPSAEHWGLDKPLLKHWEPEIPAVCALGLSVGLRSVGASR/FVYQFKAMCYFTNGTERVRYVTRYIYNREEYARFDSDVEVYRAVTPLGPPDAEYWNSQKEVLERTRAELDTVCRHNYQLELRTTLQRR	LSRKNFATGVPAVSMDEL		2
374	HLADRA_HLADRB10404_1	EHVIIQAEFYLNPDQSGEFMFDFDGDEIFHVDMAKKETVWRLEEFGRFASFEAQGALANIAVDKANLEIMTKRSNYT/EHVIIQAEFYLNPDQSGEFMFDFDGDEIFHVDMAKKETVWRLEEFGRFASFEAQGALANIAVDKANLEIMTKRSNYT	NPEDKGYVLHMITTAAEWS		2
432	HLADRA_HLADRB11001_4	EHVIIQAEFYLNPDQSGEFMFDFDGDEIFHVDMAKKETVWRLEEFGRFASFEAQGALANIAVDKANLEIMTKRSNYT/EHVIIQAEFYLNPDQSGEFMFDFDGDEIFHVDMAKKETVWRLEEFGRFASFEAQGALANIAVDKANLEIMTKRSNYT	TDEAQFIYILGNRSKQH		2
699	HLADPA10202_HLADPB10201_1	HVSTYAMFVQTHRPTGEFMFEFDEDEQFYVDLDKKETVWHLEEFGRAFSFEAQGGLANIAILNNNLNTLIQRSNHTQ/LFQGRQECYAFNGTQRFLERYIYNREEFVRFDSDVGEFRAVTELGRPDEEYWNSQKDILEEERAVPDRMCRHNYELGGPMTLQRR	ALPEFDGKRFQNVAK		2
720	HLADPA10202_HLADPB10301_4	HVSTYAMFVQTHRPTGEFMFEFDEDEQFYVDLDKKETVWHLEEFGRAFSFEAQGGLANIAILNNNLNTLIQRSNHTQ/VYQLRQECYAFNGTQRFLERYIYNREEFVRFDSDVGEFRAVTELGRPDEDYWNSQKDLLEEKRAVPDRVCRHNYELDEAVTLQRR	DHPFVDKVWELTANNVIMVS		2
904	HLADQA10201_HLADQB10201_1	FTHEFDGITWLSNGHSVTEGVSETSFLSKSDHSFFKISYLTFLPSAEHWGLDEPLLKHWEPEIPAVCALGLSVGLRSVGASR/FVYQFKGMCYFTNGTERVRLVSRSIYNREEIVRFDSDVGEFRAVTLLGLPAAEYWNSQKDILERKRAAVDRVCRHNYQLELRTTLQRR	EHPEEVDYMTEFVIQEALEEHDKN		2
952	HLADQA10302_HLADQB10301_1	YSHEFDGITWLSNGHSVTEGVSETSFLSKSDHSFFKISYLTFLPSDEHWGLDEPLLKHWEPEIPTVCALGLSVGLRSVGASR/FVYQFKAMCYFTNGTERVRYVTRYIYNREEYARFDSDVEVYRAVTPLGPPDAEYWNSQKEVLERTRAELDTVCRHNYQLELRTTLQRR	PFSNSHNALKLRFPAEDEF		2
1008	HLADQA10505_HLADQB10202_8	YTHEFDGITWLSNGHSVTEGVSETSFLSKSDHSFFKISYLTLLPSAEHWGLDKPLLKHWEPEIPAVCALGLSVGLRSVGASR/FVYQFKGMCYFTNGTERVRLVSRSIYNREEIVRFDSDVGEFRAVTLLGLPAAEYWNSQKDILERKRAAVDRVCRHNYQLELRTTLQRR	SPDPDSTGALVEEEDPFFK		2
1112	HLADRA_HLADRB11401_1	EHVIIQAEFYLNPDQSGEFMFDFDGDEIFHVDMAKKETVWRLEEFGRFASFEAQGALANIAVDKANLEIMTKRSNYT/EHVIIQAEFYLNPDQSGEFMFDFDGDEIFHVDMAKKETVWRLEEFGRFASFEAQGALANIAVDKANLEIMTKRSNYT	DMENPKSHLIIAQVAKNPVG		2
