target_chainseq	templates_alignfile	targetid	template_pdb_dict	model_2_ptm_plddt	model_2_ptm_pae	model_2_ptm_plddt_0	model_2_ptm_pae_0_0	model_2_ptm_pae_0_1	model_2_ptm_plddt_1	model_2_ptm_pae_1_0	model_2_ptm_pae_1_1	model_2_ptm_pae_0_2	model_2_ptm_pae_1_2	model_2_ptm_plddt_2	model_2_ptm_pae_2_0	model_2_ptm_pae_2_1	model_2_ptm_pae_2_2
AGSHSMRYFFTSVSRPGRGEPRFIAVGYVDDTQFVRFDSDAASQRMEPRAPWIEQEGPEYWDGETRKVKAHSQTHRVDLGTLRGCYNQSEAGSHTVQRMYGCDVGSDWRFLRGYHQYAYDGKDYIALKEDLRSWTAADMCAQTTKHKWEAAHVAEQLRAYLEGTCVEWLRRYLENGKETLQRTDA/NLVPMVATV	initial_guess_benchmark/alignment/6Q3K_0_with_pep.tsv	6Q3K_0/6Q3K_0	initial_guess_benchmark/pandora/6Q3K_0/no_modelling_output_dict.json	95.26405431791225	3.4395906925201416	96.25479878726077	2.993466377258301	4.242097854614258	74.89875133685996	11.752595901489258	4.566369533538818						
GTHSLKYVYTGVSRGIDFPEFTAVGMVDDGQFMYFDSNSMKAVPKTEWIRQNEGADYWDRQTQVLIGAHQVFKDSIQIVMERFNQSKGVHTWQNMYGCELNDDGTTQGFYQYAYDGEDFVSLDKNTLTWTAANPQAVITKHKWEALAVAEQNKGYLENTCIEWLKKYVAYGKDTLERKVSPQVSL/FANFCLMMI	initial_guess_benchmark/alignment/6LBE_0_with_pep.tsv	6LBE_0/6LBE_0	initial_guess_benchmark/pandora/6LBE_0/no_modelling_output_dict.json	94.24419422934339	3.9785540103912354	96.43152867509475	2.9625964164733887	8.126760482788086	49.282319511121635	20.58998680114746	6.526213645935059						
GSHSMRYFYTSVSRPGRGEPRFIAVGYVDDTQFVRFDSDAASQRMEPRAPWIEQEGPEYWDGETRKVKAHSQTHRVDLGTLRGYYNQSEAGSHTVQRMYGCDVGSDWRFLRGYHQYAYDGKDYIALKEDLRSWTAADMAAQTTKHKWEAAHVAEQLRAYLEGTCVEWLRRYLENGKETLQRTDAP/KQWLVWLFL	initial_guess_benchmark/alignment/6UJO_0_with_pep.tsv	6UJO_0/6UJO_0	initial_guess_benchmark/pandora/6UJO_0/no_modelling_output_dict.json	94.90030518427388	3.7035303115844727	97.0610430698774	2.6320066452026367	8.320573806762695	50.48513753575712	20.96840476989746	6.6605000495910645						
GSHSMRYFHTSVSRPGRGEPRFITVGYVDDTLFVRFDSDAASPREEPRAPWIEQEGPEYWDRETQICKAKAQTDREDLRTLLRYYNQSEAGSHTLQNMYGCDVGPDGRLLRGYHQHAYDGKDYIALNEDLSSWTAADTAAQITQRKWEAARVAEQLRAYLEGECVEWLRRYLENGKETLQRADPP/GRLNEPIKV	initial_guess_benchmark/alignment/6Y29_0_with_pep.tsv	6Y29_0/6Y29_0	initial_guess_benchmark/pandora/6Y29_0/no_modelling_output_dict.json	96.0574242783885	3.1075570583343506	97.42168985109757	2.4983813762664795	4.705565452575684	68.01418750603551	13.928631782531738	5.221933364868164						
GSHSMRYFYTSVSRPGRGEPRFIAVGYVDDTQFVRFDSDAASQRMEPRAPWIEQEGPEYWDGETRKVKAHSQTHRVDLGTLRGYYNQSEAGSHTVQRMYGCDVGSDWRFLRGYHQYAYDGKDYIALKEDLRSWTAADMAAQTTKHKWEAAHVAEQLRAYLEGTCVEWLRRYLENGKETLQRTDAP/KQWLVWLFL	initial_guess_benchmark/alignment/6UK4_0_with_pep.tsv	6UK4_0/6UK4_0	initial_guess_benchmark/pandora/6UK4_0/no_modelling_output_dict.json	94.77361664781507	3.8115053176879883	97.14965374480416	2.6047770977020264	9.654572486877441	45.93285409859524	22.64461326599121	6.458824634552002						
GSHSMRYFYTSVSRPGRGEPRFISVGYVDDTQFVRFDSDAASPREEPRAPWIEQEGPEYWDRNTQIYKAQAQTDRESLRNLRGYYNQSEAGSHTLQSMYGCDVGPDGRLLRGHDQYAYDGKDYIALNEDLRSWTAADTAAQITQRKWEAAREAEQRRAYLEGECVEWLRRYLENGKDKLERADPP/SPKLHFYYL	initial_guess_benchmark/alignment/7LGT_0_with_pep.tsv	7LGT_0/7LGT_0	initial_guess_benchmark/pandora/7LGT_0/no_modelling_output_dict.json	94.11721847673307	3.7951412200927734	95.87626903574755	2.9773850440979004	6.102133750915527	57.95895698587981	18.16151237487793	6.592223167419434						
GSHSMRYFFTSVSRPGRGEPRFIAVGYVDDTQFVRFDSDAASQRMEPRAPWIEQEGPEYWDGETRKVKAHSQTHRVDLGTLRGYYNQSEAGSHTVQRMYGCDVGSDWRFLRGYHQYAYDGKDYIALKEDLRSWTAADMAAQTTKHKWEAAHVAEQLRAYLEGTCVEWLRRYLENGKETLQRTDAP/LLFGYPVYV	initial_guess_benchmark/alignment/6UZ1_0_with_pep.tsv	6UZ1_0/6UZ1_0	initial_guess_benchmark/pandora/6UZ1_0/no_modelling_output_dict.json	95.49913661901947	3.3022422790527344	96.93828163841485	2.6937663555145264	4.583007335662842	65.91671122033682	14.438366889953613	5.165953636169434						
GSHSMRYFFTSVSRPGRGEPRFIAVGYVDDTQFVRFDSDAASQRMEPRAPWIEQEGPEYWDGETRKVKAHSQTHRVDLGTLRGYYNQSEAGSHTVQRMYGCDVGSDWRFLRGYHQYAYDGKDYIALKEDLRSWTAADMAAQTTKHKWEAAHVAEQLRAYLEGTCVEWLRRYLENGKETLQRTDAP/IMDQVPFSV	initial_guess_benchmark/alignment/6VM8_0_with_pep.tsv	6VM8_0/6VM8_0	initial_guess_benchmark/pandora/6VM8_0/no_modelling_output_dict.json	96.53408921455346	3.054833173751831	97.25153074703049	2.723799228668213	3.517730712890625	81.78667993585906	9.381635665893555	3.3608360290527344						
GPHSLSYFYTAVSRPDRGDSRFIAVGYVDDTQFVRFDNYAPNPRMEPRVPWIQQEGQEYWDRETRNVKETAQTYGVGLNTLRGYYNQSEAGSHTLQSMYGCYLGPDGLLLHGYRQDAYDGADYIALNEDLRSWTAADMAAQITKRKWEAADEAERARSYLQGLCVESLRRYLEMGKDTLQRAEPP/MTAHITVPY	initial_guess_benchmark/alignment/6KWL_0_with_pep.tsv	6KWL_0/6KWL_0	initial_guess_benchmark/pandora/6KWL_0/no_modelling_output_dict.json	95.31624790486268	3.367108106613159	96.48177373253479	2.8187143802642822	4.166234493255615	71.35821700271356	13.745587348937988	5.318413257598877						
GSHSMRYFHTSVSRPGRGEPRFITVGYVDDTLFVRFDSDAASPREEPRAPWIEQEGPEHWDRETQICKAKAQTDREDLRTLLRYYNQSEAGSHTLQNMYGCDVGPDGRLLRGYHQDAYDGKDYIALNEDLSSWTAADTAAQITQRKWEAARVAEQLRAYLEGECVEWLRRYLENGKETLQRADPP/LRNQSVFNF	initial_guess_benchmark/alignment/6PZ5_0_with_pep.tsv	6PZ5_0/6PZ5_0	initial_guess_benchmark/pandora/6PZ5_0/no_modelling_output_dict.json	95.64990199662438	3.278548240661621	97.20294929346855	2.5430819988250732	5.211720943450928	63.72615200593811	16.330116271972656	6.015820026397705						
GSHSMRYFDTAMSRPGRGEPRFISVGYVDDTQFVRFDSDAASPRMEPRAPWIEQEGPEYWDRNTQIFKTNTQTDRESLRNLRGYYNQSEAGSHTLQSMYGCDVGPDGRLLRGHNQYAYDGKDYIALNEDLRSWTAADTAAQITQRKWEAARVAEQDRAYLEGTCVEWLRRYLENGKDTLERADPP/ELRSRYWAI	initial_guess_benchmark/alignment/7NUI_0_with_pep.tsv	7NUI_0/7NUI_0	initial_guess_benchmark/pandora/7NUI_0/no_modelling_output_dict.json	95.14379048530034	3.3767902851104736	96.38098586914727	2.8324527740478516	4.645222187042236	69.71255203955741	13.22150707244873	4.939154624938965						
GSHSMRYFYTAMSRPGRGEPRFIAVGYVDDTQFVRFDSDAASPRMAPRAPWIEQEGPEYWDGETRNMKASAQTYRENLRIALRYYNQSEAGSHIIQVMYGCDVGPDGRLLRGHDQSAYDGKDYIALNEDLSSWTAADTAAQITQRKWEAARVAEQLRAYLEGLCVEWLRRYLENGKETLQRADPP/LSSPVTKSW	initial_guess_benchmark/alignment/5VUD_0_with_pep.tsv	5VUD_0/5VUD_0	initial_guess_benchmark/pandora/5VUD_0/no_modelling_output_dict.json	94.7965398088775	3.4390480518341064	96.55335957736852	2.6967878341674805	5.53165864944458	58.68413345656203	16.481552124023438	5.956277847290039						
GSHSMRYFYTAMSRPGRGEPRFIAVGYVDDTQFVRFDSDAASPRMAPRAPWIEQEGPEYWDGETRNMKASAQTYRENLRIALRYYNQSEAGSHIIQVMYGCDVGPDGRLLRGHDQSAYDGKDYIALNEDLSSWTAADTAAQITQRKWEAARVAEQLRAYLEGLCVEWLRRYLENGKETLQRADPP/TSMSFVPRPW	initial_guess_benchmark/alignment/6D29_0_with_pep.tsv	6D29_0/6D29_0	initial_guess_benchmark/pandora/6D29_0/no_modelling_output_dict.json	97.56963273313129	2.6083133220672607	97.92356162141537	2.4607558250427246	2.6717238426208496	91.02194829987566	5.28324556350708	2.4506402015686035						
GSHSMRYFYTAMSRPGRGEPRFIAVGYVDDTQFVRFDSDAASPRTEPRAPWIEQEGPEYWDGETRNMKASAQTYRENLRIALRYYNQSEAGSHIIQRMYGCDLGPDGRLLRGHDQSAYDGKDYIALNEDLSSWTAADTAAQITQRKWEAARVAEQLRAYLEGLCVEWLRRYLENGKETLQRADPP/LSSPVTKSW	initial_guess_benchmark/alignment/5VWH_0_with_pep.tsv	5VWH_0/5VWH_0	initial_guess_benchmark/pandora/5VWH_0/no_modelling_output_dict.json	95.46893127168406	3.315783739089966	97.11127400197849	2.5538690090179443	5.371667861938477	61.709664037854054	16.81325912475586	5.540200710296631						
GSHSLKYFHTSVSRPGRGEPRFISVGYVDDTQFVRFDNDAASPRMVPRAPWMEQEGSEYWDRETRSARDTAQIFRVNLRTLRGYYNQSEAGSHTLQWMHGCELGPDGRFLRGYEQFAYDGKDYLTLNEDLRSWTAVDTAAQISEQKSNDASEAEHQRAYLEDTCVEWLHKYLEKGKETLLHLEPP/RLPAKAPLF	initial_guess_benchmark/alignment/6GHN_0_with_pep.tsv	6GHN_0/6GHN_0	initial_guess_benchmark/pandora/6GHN_0/no_modelling_output_dict.json	95.7130241220598	3.2401113510131836	96.759790585597	2.8376047611236572	3.975815534591675	74.19615792712881	10.745563507080078	3.910188674926758						
GSHSMRYFFTSVSRPGRGEPRFIAVGYVDDTQFVRFDSDAASQRMEPRAPWIEQEGPEYWDGETRKVKAHSQTHRVDLGTLRGYYNQSEAGSHTVQRMYGCDVGSDWRFLRGYHQYAYDGKDYIALKEDLRSWTAADMAAQTTKHKWEAAHVAEQLRAYLEGTCVEWLRRYLENGKETLQRTDAP/HMTEVVRHC	initial_guess_benchmark/alignment/6VR5_0_with_pep.tsv	6VR5_0/6VR5_0	initial_guess_benchmark/pandora/6VR5_0/no_modelling_output_dict.json	97.8299701814019	2.568525552749634	97.93753405111103	2.5169622898101807	2.4521820545196533	95.61893508182473	3.786543607711792	1.7100437879562378						
GSHSMRYFDTAMSRPGRGEPRFISVGYVDDTQFVRFDSDAPWIEQEGPEYWDRNTQIFKTNTQTDRESLRNLRGYYNQSEAGSHTLQSMYGCDVGPDGRLLRGHNQYAYDGKDYIALNEDLRSWTAADTAAQITQRKWEAARVAEQDRAYLEGTCVEWLRRYLENGKDTLERADPPKTHVTHHPI/QIKVRVDMV	initial_guess_benchmark/alignment/5WMR_0_with_pep.tsv	5WMR_0/5WMR_0	initial_guess_benchmark/pandora/5WMR_0/no_modelling_output_dict.json	91.3455966245422	5.114777088165283	92.37610837839857	4.676507949829102	6.169914722442627	70.16285501749431	13.087457656860352	4.725189685821533						
GSHSMRYFYTSVSRPGRGEPRFISVGYVDDTQFVRFDSDAASPREEPRAPWIEQEGPEYWDRNTQIYKAQAQTDRESLRNLRGYYNQSEAGSHTLQSMYGCDVGPDGRLLRGHDQYAYDGKDYIALNEDLRSWTAADTAAQITQRKWEAAREAEQRRAYLEGECVEWLRRYLENGKDKLERADPP/RPPIFIRRL	initial_guess_benchmark/alignment/6VMX_0_with_pep.tsv	6VMX_0/6VMX_0	initial_guess_benchmark/pandora/6VMX_0/no_modelling_output_dict.json	95.5877554058951	3.36039137840271	96.58268405363326	2.874483108520508	4.267341613769531	75.13644431349933	12.373353004455566	4.762391567230225						
GSHSMRYFSTSVSRPGRGEPRFIAVGYVDDTQFVRFDSDAASQRMEPRAPWIEQEGPEYWDEETGKVKAHSQTDRENLRIALRYYNQSEAGSHTLQMMFGCDVGSDGRFLRGYHQYAYDGKDYIALKEDLRSWTAADMAAQITKRKWEAAHVAEQQRAYLEGTCVDGLRRYLENGKETLQRTDPP/IYFSPIRVTF	initial_guess_benchmark/alignment/7JYU_0_with_pep.tsv	7JYU_0/7JYU_0	initial_guess_benchmark/pandora/7JYU_0/no_modelling_output_dict.json	97.38226492431664	2.710589647293091	97.88665278539199	2.4605228900909424	2.9529943466186523	88.05108949442294	7.072708606719971	3.1122705936431885						
GSHSMRYFHTSVSRPGRGEPRFISVGYVDDTQFVRFDSDAASPRTEPRAPWIEQEGPEYWDRETQISKTNTQTYREDLRTLLRYYNQSEAGSHTIQRMSGCDVGPDGRLLRGYNQFAYDGKDYIALNEDLSSWTAADTAAQITQRKWEAARVAEQDRAYLEGTCVEWLRRYLENGKETLQRADPP/FEDLRVLSF	initial_guess_benchmark/alignment/6MT6_0_with_pep.tsv	6MT6_0/6MT6_0	initial_guess_benchmark/pandora/6MT6_0/no_modelling_output_dict.json	95.67932107191349	3.3349814414978027	97.10875189797332	2.6551949977874756	4.973551273345947	66.29657631401737	15.585021018981934	5.0776238441467285						
GSHSMRYFSTSVSRPGSGEPRFIAVGYVDDTQFVRFDSDAASQRMEPRAPWIEQEGPEYWDQETRNVKAHSQTDRENLGTLRGYYNQSEAGSHTIQIMYGCDVGSDGRFLRGYEQHAYDGKDYIALNEDLRSWTAADMAAQITQRKWEAARRAEQLRAYLEGTCVEWLRRYLENGKETLQRTDPP/QIMYNYPAM	initial_guess_benchmark/alignment/6J29_0_with_pep.tsv	6J29_0/6J29_0	initial_guess_benchmark/pandora/6J29_0/no_modelling_output_dict.json	95.55135446593198	3.250535488128662	96.81052944987847	2.6704065799713135	4.262016773223877	69.66831312925433	14.067315101623535	5.236579895019531						
GSHSMRYFFTSVSRPGRGEPRFIAVGYVDDTQFVRFDSDAASQRMEPRAPWIEQEGPEYWDGETRKVKAHSQTHRVDLGTLRGYYNQSEAGSHTVQRMYGCDVGSDWRFLRGYHQYAYDGKDYIALKEDLRSWTAADMAAQTTKHKWEAAHVAEQLRAYLEGTCVEWLRRYLENGKETLQRTDAP/ILKEPVHGV	initial_guess_benchmark/alignment/6EWA_0_with_pep.tsv	6EWA_0/6EWA_0	initial_guess_benchmark/pandora/6EWA_0/no_modelling_output_dict.json	95.82845217804552	3.1742477416992188	97.08338792330284	2.632037878036499	3.9914913177490234	70.03255074775592	13.419918060302734	4.870194911956787						
GSHSMRYFYTSVSRPGRGEPRFISVGYVDDTQFVRFDSDAASPREEPRAPWIEQEGPEYWDRNTQIYKAQAQTDRESLRNLRGYYNQSEAGSHTLQSMYGCDVGPDGRLLRGHDQYAYDGKDYIALNEDLRSWTAADTAAQITQRKWEAAREAEQRRAYLEGECVEWLRRYLENGKDKLERADPP/SPNGTIQNIL	initial_guess_benchmark/alignment/6UJ7_0_with_pep.tsv	6UJ7_0/6UJ7_0	initial_guess_benchmark/pandora/6UJ7_0/no_modelling_output_dict.json	94.6490326835458	3.516428232192993	96.3652846846657	2.8036153316497803	5.187300682067871	62.89837066282787	14.896317481994629	6.0376296043396						
GSHSMRYFYTAMSRPGRGEPRFIAVGYVDDTQFVRFDSDAASPRMAPRAPWIEQEGPEYWDGETRNMKASAQTYRENLRIALRYYNQSEAGSHIIQVMYGCDVGPDGRLLRGHNQYAYDGKDYIALNEDLSSWTAADTAAQITQRKWEAARVAEQLRAYLEGLCVEWLRRYLENGKETLQRADPP/LSSPVTKSF	initial_guess_benchmark/alignment/6V3J_0_with_pep.tsv	6V3J_0/6V3J_0	initial_guess_benchmark/pandora/6V3J_0/no_modelling_output_dict.json	95.14603895672803	3.351930856704712	96.92733640856473	2.560774326324463	5.4561543464660645	58.53048022452947	17.368467330932617	6.268791198730469						
GSHSMRYFYTSVSRPGRGEPRFIAVGYVDDTQFVRFDSDAASQRMEPRAPWIEQEGPEYWDGETRKVKAHSQTHRVDLGTLRGYYNQSEAGSHTVQRMYGCDVGSDWRFLRGYHQYAYDGKDYIALKEDLRSWTAADMAAQTTKHKWEAAHVAEQLRAYLEGTCVEWLRRYLENGKETLQRTDAP/KQWLVWLFL	initial_guess_benchmark/alignment/6P64_0_with_pep.tsv	6P64_0/6P64_0	initial_guess_benchmark/pandora/6P64_0/no_modelling_output_dict.json	94.80493498870067	3.7823336124420166	97.18729502216856	2.5887231826782227	9.38877010345459	45.83420096741596	22.587852478027344	6.318356513977051						
GSHSMRYFHTSVSRPGRGEPRFISVGYVDDTQFVRFDSDAASPRTEPRAPWIEQEGPEYWDRETQISKTNTQTYREDLRTLLRYYNQSEAGSHTIQRMSGCDVGPDGRLLRGYNQFAYDGKDYIALNEDLSSWTAADTAAQITQRKWEAARVAEQDRAYLEGTCVEWLRRYLENGKETLQRADPP/FEDLRVSSF	initial_guess_benchmark/alignment/6MT4_0_with_pep.tsv	6MT4_0/6MT4_0	initial_guess_benchmark/pandora/6MT4_0/no_modelling_output_dict.json	95.1385100967373	3.482795000076294	96.9235695749263	2.6351983547210693	6.021933555603027	58.4456208228525	18.23249053955078	6.236732006072998						
GSHSMRYFHTSVSRPGRGEPRFITVGYVDDTLFVRFDSDAASPREEPRAPWIEQEGPEYWDRETQICKAKAQTDREDLRTLLRYYNQSEAGSHTLQNMYGCDVGPDGRLLRGYHQDAYDGKDYIALNEDLSSWTAADTAAQITQRKWEAARVAEQLRAYLEGECVEWLRRYLENGKETLQRADPP/GRLNAPIKV	initial_guess_benchmark/alignment/6Y26_0_with_pep.tsv	6Y26_0/6Y26_0	initial_guess_benchmark/pandora/6Y26_0/no_modelling_output_dict.json	96.77222988772901	2.9025721549987793	97.7541336753172	2.482692003250122	3.7658708095550537	76.5886520317492	10.615958213806152	4.016254425048828						
MGPHSLSYFSTAVSRPDRGDSRFIAVGYVDDTQFVRFDSDAPNPRMEPRAPWIQQEGQEYWDRNTRNVMGSAQINRVNLKTLRGYYNQSEAGSHTLQWMYGCYLGPDGLLLRGYDQFAYDGADYLALNEDLRSWTAADMAAQISKRKWEAADAAEHWRSYLQGTCVESLRRYLQMGKDTLQRAEP/EFEDLTFLA	initial_guess_benchmark/alignment/5NPZ_0_with_pep.tsv	5NPZ_0/5NPZ_0	initial_guess_benchmark/pandora/5NPZ_0/no_modelling_output_dict.json	95.709458974889	3.228660821914673	96.75954319946676	2.7876741886138916	4.533374786376953	74.12439435856828	10.978617668151855	3.435199499130249						
GSHSMRYFFTSVSRPGRGEPRFIAVGYVDDTQFVRFDSDAASQRMEPRAPWIEQEGPEYWDGETRKVKAHSQTHRVDLGTLRGYYNQSEAGSHTVQRMYGCDVGSDWRFLRGYHQYAYDGKDYIALKEDLRSWTAADMAAQTTKHKWEAAHVAEQLRAYLEGTCVEWLRRYLENGKETLQRTDAP/AVYDGREHTV	initial_guess_benchmark/alignment/6TRN_0_with_pep.tsv	6TRN_0/6TRN_0	initial_guess_benchmark/pandora/6TRN_0/no_modelling_output_dict.json	95.9876471474887	3.204296827316284	97.1053079194587	2.6764001846313477	3.8710246086120605	75.31092286604381	12.209053039550781	4.9544358253479						
GSHSMRYFHTSVSRPGRGEPRFITVGYVDDTLFVRFDSDAASPREEPRAPWIEQEGPEYWDRETQICKAKAQTDREDLRTLLRYYNQSEAGSHTLQNMYGCDVGPDGRLLRGYHQDAYDGKDYIALNEDLSSWTAADTAAQITQRKWEAARVAEQLRAYLEGECVEWLRRYLENGKETLQRADPP/GRLNQPIKV	initial_guess_benchmark/alignment/6Y2A_0_with_pep.tsv	6Y2A_0/6Y2A_0	initial_guess_benchmark/pandora/6Y2A_0/no_modelling_output_dict.json	96.89878038010912	2.8810579776763916	97.78266194339813	2.487903118133545	3.6378204822540283	78.73010380139083	10.15934944152832	3.836197853088379						
GSHSMRYFHTSVSRPGRGEPRFITVGYVDDTLFVRFDSDAASPREEPRAPWIEQEGPEYWDRETQICKAKAQTDREDLRTLLRYYNQSEAGSHTLQNMYGCDVGPDGRLLRGYHQDAYDGKDYIALNEDLSSWTAADTAAQITQRKWEAARVAEQLRAYLEGECVEWLRRYLENGKETLQRADPP/LRNQSVFNF	initial_guess_benchmark/alignment/6PYJ_0_with_pep.tsv	6PYJ_0/6PYJ_0	initial_guess_benchmark/pandora/6PYJ_0/no_modelling_output_dict.json	95.65471817040788	3.2775163650512695	97.30820532531472	2.5113513469696045	5.49509859085083	61.666371097322845	16.67704963684082	5.987525463104248						
GSHSMRYFFTSVSRPGRGEPRFIAVGYVDDTQFVRFDSDAASQRMEPRAPWIEQEGPEYWDGETRKVKAHSQTHRVDLGTLRGYYNQSEAGSHTVQRMYGCDVGSDWRFLRGYHQYAYDGKDYIALKEDLRSWTAADMAAQTTKHKWEAAHVAEQLRAYLEGTCVEWLRRYLENGKETLQRTDAP/MTSAIGILPV	initial_guess_benchmark/alignment/6G3J_0_with_pep.tsv	6G3J_0/6G3J_0	initial_guess_benchmark/pandora/6G3J_0/no_modelling_output_dict.json	94.95808481249183	3.47969388961792	96.49622995145009	2.817389488220215	4.595017433166504	66.5023997417637	14.516759872436523	5.334105968475342						
GPHSLSYFYTAVSRPDRGDSRFIAVGYVDDTQFVRFDNYAPNPRMEPRVPWIQQEGQEYWDRETRNVKETAQTYGVGLNTLRGYYNQSEAGSHTLQSMYGCYLGPDGLLLHGYRQDAYDGADYIALNEDLRSWTAADMAAQITKRKWEAADEAERRRSYLQGLCVESLRRYLEMGKDTLQRAEPP/MTAHITVPY	initial_guess_benchmark/alignment/6KWK_0_with_pep.tsv	6KWK_0/6KWK_0	initial_guess_benchmark/pandora/6KWK_0/no_modelling_output_dict.json	95.7646117224037	3.2934346199035645	96.80731566133377	2.7730307579040527	3.9829392433166504	74.33125297772968	13.217424392700195	5.013904571533203						
HSMRYFYTAVSRPGRGEPRFIAVGYVDDTQFVQFDSDAASPRGEPRAPWVEQEGPEYWDRETQKYKRQAQTDRVSLRNLRGYYNQSEAGSHTLQRMYGCDLGPDGRLLRGYNQFAYDGKDYIALNEDLRSWTAADKAAQITQRKWEAAREAEQRRAYLEGTCVEWLRRYLENGKKTLQRAEHPKT/GADGVGKSA	initial_guess_benchmark/alignment/6ULR_0_with_pep.tsv	6ULR_0/6ULR_0	initial_guess_benchmark/pandora/6ULR_0/no_modelling_output_dict.json	95.13172648576987	3.49458384513855	96.77422779294193	2.837480306625366	4.944818019866943	61.369199616122074	15.457172393798828	5.432960033416748						
SHSMRYFYTSVSRPGRGEPRFISVGYVDDTQFVRFDSDAASPREEPRAPWIEQEGPEYWDRNTQIYKAQAQTDRESLRNLRGYYNQSEAGSHTLQSMYGCDVGPDGRLLRGHDQYAYDGKDYIALNEDLRSWTAADTAAQITQRKWEAAREAEQRRAYLEGECVEWLRRYLENGKDKLERADPPK/SPNGTIRNIL	initial_guess_benchmark/alignment/6UJ8_0_with_pep.tsv	6UJ8_0/6UJ8_0	initial_guess_benchmark/pandora/6UJ8_0/no_modelling_output_dict.json	95.34985383201095	3.340381622314453	96.78671763250577	2.728382110595703	4.468705654144287	68.76787352285733	13.400493621826172	5.81125020980835						
GSHSMRYFYTAMSRPGRGEPRFIAVGYVDDTQFVRFDSDAASPRMAPRAPWIEQEGPEYWDGETRNMKASAQTYRENLRIALRYYNQSEAGSHIIQVMYGCDVGPDGRLLRGHNQYAYDGKDYIALNEDLSSWTAADTAAQITQRKWEAARVAEQLRAYLEGLCVEWLRRYLENGKETLQRADPP/LSSPVTKSF	initial_guess_benchmark/alignment/6V2Q_0_with_pep.tsv	6V2Q_0/6V2Q_0	initial_guess_benchmark/pandora/6V2Q_0/no_modelling_output_dict.json	95.04528716119414	3.3889729976654053	96.84459246534381	2.600637912750244	5.526793479919434	58.05956702033963	17.316864013671875	6.24523401260376						
GSHSMRYFSTSVSRPGRGEPRFIAVGYVDDTQFVRFDSDAASQRMEPRAPWIEQEGPEYWDEETGKVKAHSQTDRENLRIALRYYNQSEAGSHTLQMMFGCDVGSDGRFLRGYHQYAYDGKDYIALKEDLRSWTAADMAAQITKRKWEAAHVAEQQRAYLEGTCVDGLRRYLENGKETLQRTDPP/RYPLTFGW	initial_guess_benchmark/alignment/7K81_0_with_pep.tsv	7K81_0/7K81_0	initial_guess_benchmark/pandora/7K81_0/no_modelling_output_dict.json	96.268840877434	3.0618767738342285	97.25491639185842	2.6362998485565186	4.187288284301758	73.46584460636954	11.748390197753906	3.744990348815918						
GSHSMRYFFTSVSRPGRGEPRFIAVGYVDDTQFVRFDSDAASQRMEPRAPWIEQEGPEYWDGETRKVKAHSQTHRVDLGTLRGYYNQSEAGSHTVQRMYGCDVGSDWRFLRGYHQYAYDGKDYIALKEDLRSWTAADMAAQTTKHKWEAAHVAEQLRAYLEGTCVEWLRRYLENGKETLQRTDAP/ELAGIGILTV	initial_guess_benchmark/alignment/5NQK_0_with_pep.tsv	5NQK_0/5NQK_0	initial_guess_benchmark/pandora/5NQK_0/no_modelling_output_dict.json	93.97438592492925	3.7466888427734375	96.09759340813258	2.821078062057495	6.152869701385498	54.69504748566801	18.307737350463867	6.643310070037842						
GSHSMRYFFTSVSRPGRGEPRFIAVGYVDDTQFVRFDSDAASQRMEPRAPWIEQEGPEYWDGETRKVKAHSQTHRVDLGTLRGYYNQSEAGSHTVQRMYGCDVGSDWRFLRGYHQYAYDGKDYIALKEDLRSWTAADMAAQTTKHKWEAAHVAEQLRAYLEGTCVEWLRRYLENGKETLQRTDAP/LLWNGPMHV	initial_guess_benchmark/alignment/6SS9_0_with_pep.tsv	6SS9_0/6SS9_0	initial_guess_benchmark/pandora/6SS9_0/no_modelling_output_dict.json	96.2669046768584	3.071457624435425	97.37004655143222	2.566538095474243	3.739384412765503	73.5912105883966	12.699368476867676	4.778759479522705						
GSHSMRYFYTSVSRPGRGEPRFIAVGYVDDTQFVRFDSDAASQRMEPRAPWIEQEGPEYWDGETRKVKAHSQTHRVDLGTLRGYYNQSEAGSHTVQRMYGCDVGSDWRFLRGYHQYAYDGKDYIALKEDLRSWTAADMAAQTTKHKWEAAHVAEQLRAYLEGTCVEWLRRYLENGKETLQRTDAP/KQWLVWLLL	initial_guess_benchmark/alignment/6UJQ_0_with_pep.tsv	6UJQ_0/6UJQ_0	initial_guess_benchmark/pandora/6UJQ_0/no_modelling_output_dict.json	94.95296267168452	3.7907936573028564	97.31842371480161	2.553361177444458	10.17680549621582	46.32959678538862	22.715097427368164	6.376666069030762						
EFELHTLRYISTAMTDPGPGQPWYVDVGYVDGELFTHYNSTARRAVPRTEWIAANTDQQYWDSETQTSQRTEQIDRDGLGTLQRRYNQTGGSHTVQLMYGCDILEDGTIRGYSQDAYDGRDFIAFDKDTMTFTAAVPEAVPTKRKWEEGDYAEGLKQYLEETCVEWLRRYVEYGKAELGRRERPE/RREVHTYY	initial_guess_benchmark/alignment/6IRL_0_with_pep.tsv	6IRL_0/6IRL_0	initial_guess_benchmark/pandora/6IRL_0/no_modelling_output_dict.json	95.36755239249742	3.4883995056152344	96.18056359925195	3.1161792278289795	4.151332378387451	76.56666823629845	11.383084297180176	4.644089698791504						
GSHSMRYFYTSVSRPGRGEPRFIAVGYVDDTQFVRFDSDAASQRMEPRAPWIEQEGPEYWDQETRNVKAQSQTDRVDLGTLRGYYNQSEDGSHTIQIMYGCDVGPDGRFLRGYRQDAYDGKDYIALNEDLRSWTAADMAAQITKRKWEAAHAAEQQRAYLEGRCVEWLRRYLENGKETLQRTDPP/NSASFSTFK	initial_guess_benchmark/alignment/7M8T_0_with_pep.tsv	7M8T_0/7M8T_0	initial_guess_benchmark/pandora/7M8T_0/no_modelling_output_dict.json	95.8263823419577	3.207146644592285	97.17074388848384	2.605102300643921	4.4510416984558105	68.19228388558686	14.216760635375977	5.711872100830078						
GSHSMRYFSTSVSRPGSGEPRFIAVGYVDDTQFVRFDSDAASQRMEPRAPWIEQEGPEYWDQETRNVKAHSQTDRENLGTLRGYYNQSEAGSHTIQIMYGCDVGSDGRFLRGYEQHAYDGKDYIALNEDLRSWTAADMAAQITQRKWEAARRAEQLRAYLEGTCVEWLRRYLENGKETLQRTDPP/AIFQSSMTK	initial_guess_benchmark/alignment/6J1V_0_with_pep.tsv	6J1V_0/6J1V_0	initial_guess_benchmark/pandora/6J1V_0/no_modelling_output_dict.json	94.34967892942166	3.6559572219848633	96.42951518299829	2.7006232738494873	7.4294328689575195	51.59748927256875	19.385229110717773	6.4243550300598145						
GSHSMRYFFTSVSRPGRGEPRFIAVGYVDDTQFVRFDSDAASQRMEPRAPWIEQEGPEYWDGETRKVKAHSQTHRVDLGTLRGYYNQSEAGSHTVQRMYGCDVGSDWRFLRGYHQYAYDGKDYIALKEDLRSWTAADMAAQTTKHKWEAAHVAEQLRAYLEGTCVEWLRRYLENGKETLQRTDAP/SLLMWITQV	initial_guess_benchmark/alignment/6RPB_0_with_pep.tsv	6RPB_0/6RPB_0	initial_guess_benchmark/pandora/6RPB_0/no_modelling_output_dict.json	95.21284627917662	3.406662702560425	96.92421535034008	2.6853973865509033	5.165373802185059	60.0347042608167	16.366567611694336	5.613972187042236						
GSHSMRYFYTAMSRPGRGEPRFIAVGYVDDTQFVRFDSDAASPRMAPRAPWIEQEGPEYWDGETRNMKASAQTYRENLRIALRYYNQSEAGSHIIQVMYGCDVGPDGRLLRGHDQSAYDGKDYIALNEDLSSWTAADTAAQITQRKWEAARVAEQLRAYLEGLCVEWLRRYLENGKETLQRADPP/ASLNLPAVSW	initial_guess_benchmark/alignment/6V2O_0_with_pep.tsv	6V2O_0/6V2O_0	initial_guess_benchmark/pandora/6V2O_0/no_modelling_output_dict.json	93.98853639820449	3.749056577682495	96.3783161927691	2.681130886077881	8.098222732543945	49.777610198759064	18.967500686645508	7.245810031890869						
GSHSMRYFYTSVSRPGRGEPRFISVGYVDDTQFVRFDSDAASPREEPRAPWIEQEGPEYWDRNTQIYKAQAQTDRESLRNLRGYYNQSEAGSHTLQSMYGCDVGPDGRLLRGHDQYAYDGKDYIALNEDLRSWTAADTAAQITQRKWEAAREAEQRRAYLEGECVEWLRRYLENGKDKLERADPP/IPRRNVATL	initial_guess_benchmark/alignment/7LFZ_0_with_pep.tsv	7LFZ_0/7LFZ_0	initial_guess_benchmark/pandora/7LFZ_0/no_modelling_output_dict.json	96.87434612672433	2.8767518997192383	97.6280386541213	2.5446159839630127	3.4856183528900146	81.38177750800881	9.063714981079102	3.522395372390747						
GSHSMRYFSTSVSRPGRGEPRFIAVGYVDDTQFVRFDSDAASQRMEPRAPWIEQEGPEYWDEETGKVKAHSQTDRENLRIALRYYNQSEAGSHTLQMMFGCDVGSDGRFLRGYHQYAYDGKDYIALKEDLRSWTAADMAAQITKRKWEAAHVAEQQRAYLEGTCVDGLRRYLENGKETLQRTDPP/TYQWIIRNW	initial_guess_benchmark/alignment/7JYW_0_with_pep.tsv	7JYW_0/7JYW_0	initial_guess_benchmark/pandora/7JYW_0/no_modelling_output_dict.json	97.47818194983476	2.672300100326538	97.84704351831594	2.4966349601745605	2.946884870529175	89.89602748661088	6.019470691680908	2.4490063190460205						
ELHTLRYISTAMTDPGPGQPWYVDVGYVDGELFTHYNSTARRAVPRTEWIAANTDQQYWDSETQTSQRTEQIDRDGLGTLQRRYNQTGGSHTVQLMYGCDILEDGTIRGYSQDAYDGRDFIAFDKDTMTFTAAVPEAVPTKRKWEEGDYAEGLKQYLEETCVEWLRRYVEYGKAELGRRERPEVR/RRREQTDY	initial_guess_benchmark/alignment/6LHH_0_with_pep.tsv	6LHH_0/6LHH_0	initial_guess_benchmark/pandora/6LHH_0/no_modelling_output_dict.json	95.99914227839842	3.321462392807007	97.0885097486411	2.8394806385040283	4.450257778167725	70.80751952903674	13.276445388793945	4.756187438964844						
GSHSMRYFFTSVSRPGRGEPRFIAVGYVDDTQFVRFDSDAASQRMEPRAPWIEQEGPEYWDGETRKVKAHSQTHRVDLGTLRGYYNQSEAGSHTVQRMYGCDVGSDWRFLRGYHQYAYDGKDYIALKEDLRSWTAADMAAQTTKHKWEAAHVAEQLRAYLEGTCVEWLRRYLENGKETLQRTDAP/RMFPNAPYL	initial_guess_benchmark/alignment/6RSY_0_with_pep.tsv	6RSY_0/6RSY_0	initial_guess_benchmark/pandora/6RSY_0/no_modelling_output_dict.json	95.80248680362139	3.205894708633423	97.02852319433072	2.667541742324829	4.156211853027344	70.60062766126333	13.243125915527344	4.821486473083496						
GSHSMRYFDTAMSRPGRGEPRFISVGYVDDTQFVRFDSDAASPREEPRAPWIEQEGPEYWDRNTQIFKTNTQTDRCSLRNLRGYYNQSEAGSHTLQSMYGCDVGPDGRLLRGHNQYAYDGKDYIALNEDLRSWTAADTAAQITQRKWEAARVAEQDRAYLEGTCVEWLRRYLENGKDTLERADPP/AAAKKKYCL	initial_guess_benchmark/alignment/6P2C_0_with_pep.tsv	6P2C_0/6P2C_0	initial_guess_benchmark/pandora/6P2C_0/no_modelling_output_dict.json	96.83547844790841	2.8482091426849365	97.56020710571961	2.552727699279785	3.1907026767730713	81.93827825956686	8.556761741638184	3.3156490325927734						
GSHSMRYFFTSVSRPGRGEPRFIAVGYVDDTQFVRFDSDAASQRMEPRAPWIEQEGPEYWDGETRKVKAHSQTHRVDLGTLRGYYNQSEAGSHTVQRMYGCDVGSDWRFLRGYHQYAYDGKDYIALKEDLRSWTAADMAAQTTKHKWEAAHVAEQLRAYLEGTCVEWLRRYLENGKETLQRTDAP/SLSKILDTV	initial_guess_benchmark/alignment/6R2L_0_with_pep.tsv	6R2L_0/6R2L_0	initial_guess_benchmark/pandora/6R2L_0/no_modelling_output_dict.json	95.01903242341442	3.478673219680786	96.3943248339182	2.8838236331939697	4.797830581665039	66.74913287417	14.30054759979248	5.255280494689941						
GSHSMRYFHTSVSRPGRGEPRFISVGYVDGTQFVRFDSDAASPRTEPRAPWIEQEGPEYWDRNTQISKTNTQTYRESLRNLRGYYNQSEAGSHTLQRMYGCDVGPDGRLLRGHDQSAYDGKDYIALNEDLSSWTAADTAAQITQRKWEAARVAEQLRAYLEGTCVEWLRRHLENGKETLQRADPP/FEDLRVLSF	initial_guess_benchmark/alignment/6MT3_0_with_pep.tsv	6MT3_0/6MT3_0	initial_guess_benchmark/pandora/6MT3_0/no_modelling_output_dict.json	95.53475322898898	3.2666430473327637	97.03718867568564	2.602672576904297	4.917260646820068	64.65135793577964	15.192299842834473	4.746705055236816						
SHSMRYFYTAVSRPGRGEPRFIAVGYVDDTQFVQFDSDAASPRGEPRAPWVEQEGPEYWDRETQKYKRQAQTDRVSLRNLRGYYNQSEAGSHTLQRMYGCDLGPDGRLLRGYNQFAYDGKDYIALNEDLRSWTAADKAAQITQRKWEAAREAEQRRAYLEGTCVEWLRRYLENGKKTLQRAEHPK/GADGVGKSAL	initial_guess_benchmark/alignment/6UON_0_with_pep.tsv	6UON_0/6UON_0	initial_guess_benchmark/pandora/6UON_0/no_modelling_output_dict.json	94.1233021891971	3.715670585632324	96.33643657017677	2.8058454990386963	6.113889217376709	53.180316141072765	17.987892150878906	6.700044631958008						
PHSLRYFVTAVSRPGLGEPRFIAVGYVDDTQFVRFDSDADNPRFEPRAPWMEQEGPEYWEEQTQRAKSDEQWFRVSLRTAQRYYNQSKGGSHTFQRMFGCDVGSDWRLLRGYHQFAYDGRDYIALNEDLKTWTAADTAALITRRKWEQAGDAEYYRAYLEGECVEWLRRYLELGNETLLRTDSPK/YQSGLSIVM	initial_guess_benchmark/alignment/5TRZ_0_with_pep.tsv	5TRZ_0/5TRZ_0	initial_guess_benchmark/pandora/5TRZ_0/no_modelling_output_dict.json	96.17098668501463	3.174262523651123	97.4167570904263	2.5573644638061523	4.849240779876709	70.5634839071079	14.055020332336426	5.742741584777832						
GSHSMRYFFTSVSRPGRGEPRFIAVGYVDDTQFVRFDSDAASQRMEPRAPWIEQEGPEYWDGETRKVKAHSQTHRVDLGTLRGYYNQSEAGSHTVQRMYGCDVGSDWRFLRGYHQYAYDGKDYIALKEDLRSWTAADMAAQTTKHKWEAAHVAEQLRAYLEGTCVEWLRRYLENGKETLQRTDAP/AAGIGILTV	initial_guess_benchmark/alignment/6D78_0_with_pep.tsv	6D78_0/6D78_0	initial_guess_benchmark/pandora/6D78_0/no_modelling_output_dict.json	97.65778979625907	2.63130784034729	97.74966245797535	2.6185948848724365	2.5463106632232666	95.76929619431395	3.038174867630005	1.386790156364441						
GSHSMRYFSTSVSRPGRGEPRFIAVGYVDDTQFVRFDSDAASQRMEPRAPWIEQEGPEYWDEETGKVKAHSQTDRENLRIALRYYNQSEAGSHTLQMMFGCDVGSDGRFLRGYHQYAYDGKDYIALKEDLRSWTAADMAAQITKRKWEAAHVAEQQRAYLEGTCVDGLRRYLENGKETLQRTDPP/TYQWVLKNL	initial_guess_benchmark/alignment/6XQA_0_with_pep.tsv	6XQA_0/6XQA_0	initial_guess_benchmark/pandora/6XQA_0/no_modelling_output_dict.json	97.37493627637501	2.7442169189453125	97.75176236457285	2.569662570953369	2.9737331867218018	89.62906668564149	6.113656520843506	2.5202300548553467						
SHSMRYFYTAVSRPGRGEPRFIAVGYVDDTQFVQFDSDAASPRGEPRAPWVEQEGPEYWDRETQKYKRQAQTDRVSLRNLRGYYNQSEAGSHTLQRMYGCDLGPDGRLLRGYNQFAYDGKDYIALNEDLRSWTAADKAAQITQRKWEAAREAEQRRAYLEGTCVEWLRRYLENGKKTLQRAEHPK/GADGVGKSA	initial_guess_benchmark/alignment/6ULN_0_with_pep.tsv	6ULN_0/6ULN_0	initial_guess_benchmark/pandora/6ULN_0/no_modelling_output_dict.json	95.07619874160059	3.4731523990631104	96.68430839750812	2.8222665786743164	4.802919864654541	62.02061137016819	15.429450988769531	5.390008449554443						
GPHSMRYFETAVSRPGLEEPRYISVGYVDNKEFVRFDSDAENPRYEPRAPWMEQEGPEYWERETQKAKGQEQWFRVSLRNLLGYYNQSAGGSHTLQQMSGCDLGSDWRLLRGYLQFAYEGRDYIALNEDLKTWTAADMAAQITRRKWEQSGAAEHYKAYLEGECVEWLHRYLKNGLRTDSPKAHV/SGPSNTPPEI	initial_guess_benchmark/alignment/6H6D_0_with_pep.tsv	6H6D_0/6H6D_0	initial_guess_benchmark/pandora/6H6D_0/no_modelling_output_dict.json	90.69635268660916	5.2110371589660645	92.58094621609344	4.371976852416992	7.438431739807129	55.831372391150374	18.448745727539062	6.275104999542236						
GSHSMRYFHTSVSRPGRGEPRFISVGYVDDTQFVRFDSDAASPRTEPRAPWIEQEGPEYWDRETQISKTNTQTYREDLRTLLRYYNQSEAGSHTIQRMSGCDVGPDGRLLRGYNQFAYDGKDYIALNEDLSSWTAADTAAQITQRKWEAARVAEQDRAYLEGTCVEWLRRYLENGKETLQRADPP/FEDLRLLSF	initial_guess_benchmark/alignment/6MT5_0_with_pep.tsv	6MT5_0/6MT5_0	initial_guess_benchmark/pandora/6MT5_0/no_modelling_output_dict.json	95.85911782305787	3.275118827819824	97.16596125941638	2.661240816116333	4.757965087890625	68.99622496457813	14.355438232421875	4.414645195007324						
GSHSMRYFDTAMSRPGRGEPRFISVGYVDDTQFVRFDSDAASPREEPRAPWIEQEGPEYWDRNTQIFKTNTQTDRCSLRNLRGYYNQSEAGSHTLQSMYGCDVGPDGRLLRGHNQYAYDGKDYIALNEDLRSWTAADTAAQITQRKWEAARVAEQDRAYLEGTCVEWLRRYLENGKDTLERADPP/AAAKKKYCL	initial_guess_benchmark/alignment/6P27_0_with_pep.tsv	6P27_0/6P27_0	initial_guess_benchmark/pandora/6P27_0/no_modelling_output_dict.json	96.80693419767879	2.859579086303711	97.56199203276068	2.554230213165283	3.2172420024871826	81.28630092099537	8.752754211425781	3.3893473148345947						
GSHSMRYFYTSVSRPGRGEPRFIAVGYVDDTQFVRFDSDAASQRMEPRAPWIEQEGPEYWDQETRNVKAQSQTDRVDLGTLRGYYNQSEDGSHTIQIMYGCDVGPDGRFLRGYRQDAYDGKDYIALNEDLRSWTAADMAAQITKRKWEAAHAAEQQRAYLEGRCVEWLRRYLENGKETLQRTDPP/ATIGTAMYK	initial_guess_benchmark/alignment/6JOZ_0_with_pep.tsv	6JOZ_0/6JOZ_0	initial_guess_benchmark/pandora/6JOZ_0/no_modelling_output_dict.json	95.1862182818601	3.424309253692627	97.04836601256672	2.5714690685272217	6.274600028991699	56.90873715066846	17.93849754333496	6.8391008377075195						
GSHSMRYFYTAMSRPGRGEPRFIAVGYVDDTQFVRFDSDAASPRMAPRAPWIEQEGPEYWDGETRNMKASAQTYRENLRIALRYYNQSEAGSHIIQVMYGCDVGPDGRLLRGHNQYAYDGKDYIALNEDLSSWTAADTAAQITQRKWEAARVAEQLRAYLEGLCVEWLRRYLENGKETLQRADPP/LTVQVARVW	initial_guess_benchmark/alignment/5VWD_0_with_pep.tsv	5VWD_0/5VWD_0	initial_guess_benchmark/pandora/5VWD_0/no_modelling_output_dict.json	95.34676259471489	3.3565800189971924	96.96873543772477	2.569211721420288	5.314327716827393	62.0062097106228	17.43685531616211	6.373578071594238						
AGPHSMRYFETAVSRPGLGEPRYISVGYVDNKEFVRFDSDAENPRYEPQAPWMEQEGPEYWERITQIAKGQEQWFRVNLRTLLGYYNQSAGGTHTLQWMYGCDVGSDGRLLRGYEQFAYDGCDYIALNEDLKTWTAADMAAQITRRKWEQAGAAEYYRAYLEGECVEWLHRYLKNGNATLLRTDS/SPSYAYHQF	initial_guess_benchmark/alignment/6L9N_0_with_pep.tsv	6L9N_0/6L9N_0	initial_guess_benchmark/pandora/6L9N_0/no_modelling_output_dict.json	94.21634687818194	3.77482533454895	95.6177594881677	3.120704412460327	5.111235618591309	65.40953211736336	15.799644470214844	5.513608455657959						
GSHSMRYFFTSVSRPGRGEPRFIAVGYVDDTQFVRFDSDAASQRMEPRAPWIEQEGPEYWDGETRKVKAHSQTHRVDLGTLRGYYNQSEAGSHTVQRMYGCDVGSDWRFLRGYHQYAYDGKDYIALKEDLRSWTAADMAAQTTKHKWEAAHVAEQLRAYLEGTCVEWLRRYLENGKETLQRTDAP/ITDQVPFSV	initial_guess_benchmark/alignment/6VMA_0_with_pep.tsv	6VMA_0/6VMA_0	initial_guess_benchmark/pandora/6VMA_0/no_modelling_output_dict.json	96.88870583617005	2.8897104263305664	97.57174458516674	2.597226858139038	3.3256988525390625	82.8484648845715	8.45914077758789	3.0284743309020996						
GSHSMRYFFTSVSRPGRGEPRFIAVGYVDDTQFVRFDSDAASQRMEPRAPWIEQEGPEYWDGETRKVKAHSQTHRVDLGTLRGYYNQSEAGSHTVQRMYGCDVGSDWRFLRGYHQYAYDGKDYIALKEDLRSWTAADMAAQTTKHKWEAAHVAEQLRAYLEGTCVEWLRRYLENGKETLQRTDAP/LLLPLLPPLSP	initial_guess_benchmark/alignment/7MJ7_0_with_pep.tsv	7MJ7_0/7MJ7_0	initial_guess_benchmark/pandora/7MJ7_0/no_modelling_output_dict.json	95.99044081660448	3.2101361751556396	97.18009760036583	2.645646333694458	3.9474339485168457	75.98257672607247	11.839521408081055	5.346357822418213						
GSHSMRYFFTSVSRPGRGEPRFIAVGYVDDTQFVRFDSDAASQRMEPRAPWIEQEGPEYWDGETRKVKAHSQTHRVDLGTLRGYYNQSEAGSHTVQRMYGCDVGSDWRFLRGYHQYAYDGKDYIALKEDLRSWTAADMAAQTTKHKWEAAHVAEQLRAYLEGTCVEWLRRYLENGKETLQRTDAP/LLWAGPMAV	initial_guess_benchmark/alignment/6SS7_0_with_pep.tsv	6SS7_0/6SS7_0	initial_guess_benchmark/pandora/6SS7_0/no_modelling_output_dict.json	96.24835016943025	3.0717592239379883	97.35709840852077	2.579116106033325	3.809887647628784	73.45741414368081	12.375572204589844	4.810943126678467						
GSHSMRYFFTSVSRPGRGEPRFIAVGYVDDTQFVRFDSDAASQRMEPRAPWIEQEGPEYWDGETRKVKAHSQTHRVDLGTLRGYYNQSEAGSHTVQRMYGCDVGSDWRFLRGYHQYAYDGKDYIALKEDLRSWTAADMAAQTTKHKWEAAHVAEQLRAYLEGTCVEWLRRYLENGKETLQRTDAP/YLVVVGAVGV	initial_guess_benchmark/alignment/6O51_0_with_pep.tsv	6O51_0/6O51_0	initial_guess_benchmark/pandora/6O51_0/no_modelling_output_dict.json	94.7563210040558	3.5773873329162598	96.83336701871472	2.675400733947754	5.648651123046875	56.33096973286591	18.030799865722656	6.575867176055908						
GSHSMRYFSTSVSRPGSGEPRFIAVGYVDDTQFVRFDSDAASQRMEPRAPWIEQEGPEYWDQETRNVKAHSQTDRENLGTLRGYYNQSEAGSHTIQIMYGCDVGSDGRFLRGYEQHAYDGKDYIALNEDLRSWTAADMAAQITQRKWEAARRAEQLRAYLEGTCVEWLRRYLENGKETLQRTDPP/CTELKLSDY	initial_guess_benchmark/alignment/6J2A_0_with_pep.tsv	6J2A_0/6J2A_0	initial_guess_benchmark/pandora/6J2A_0/no_modelling_output_dict.json	95.53013436180855	3.3151936531066895	96.81429407328262	2.718188762664795	4.323147296905518	69.1335180703969	14.492901802062988	5.08504056930542						
GSHSMRYFFTSVSRPGRGEPRFIAVGYVDDTQFVRFDSDAASQRMEPRAPWIEQEGPEYWDGETRKVKAHSQTHRVDLGTLRGYYNQSEAGSHTVQRMYGCDVGSDWRFLRGYHQYAYDGKDYIALKEDLRSWTAADMAAQTTKHKWEAAHVAEQLRAYLEGTCVEWLRRYLENGKETLQRTDAP/KLVALGINAV	initial_guess_benchmark/alignment/5YXN_0_with_pep.tsv	5YXN_0/5YXN_0	initial_guess_benchmark/pandora/5YXN_0/no_modelling_output_dict.json	97.21916850348684	2.8078505992889404	97.32030646025822	2.791314125061035	2.73982310295105	95.34811630321678	3.251168966293335	1.5245672464370728						
SHSMRYFYTAVSRPGRGEPRFIAVGYVDDTQFVQFDSDAASPRGEPRAPWVEQEGPEYWDRETQKYKRQAQTDRVSLRNLRGYYNQSEAGSHTLQRMYGCDLGPDGRLLRGYNQFAYDGKDYIALNEDLRSWTAADKAAQITQRKWEAAREAEQRRAYLEGTCVEWLRRYLENGKKTLQRAEHPK/GADGVGKSAL	initial_guess_benchmark/alignment/6ULK_0_with_pep.tsv	6ULK_0/6ULK_0	initial_guess_benchmark/pandora/6ULK_0/no_modelling_output_dict.json	94.18330764840648	3.7305736541748047	96.40089113506826	2.8126027584075928	6.14274787902832	53.15801314516337	18.1406307220459	6.694939613342285						
GSHSMRYFFTSVSRPGRGEPRFIAVGYVDDTQFVRFDSDAASQRMEPRAPWIEQEGPEYWDGETRKVKAHSQTHRVDLGTLRGYYNQSEAGSHTVQRMYGCDVGSDWRFLRGYHQYAYDGKDYIALKEDLRSWTAADMAAQTTKHKWEAAHVAEQLRAYLEGTCVEWLRRYLENGKETLQRTDAP/AAGIGILTV	initial_guess_benchmark/alignment/6EQA_0_with_pep.tsv	6EQA_0/6EQA_0	initial_guess_benchmark/pandora/6EQA_0/no_modelling_output_dict.json	97.59616946859111	2.6433119773864746	97.67918581020574	2.6345508098602295	2.544311285018921	95.88972244651316	2.9844141006469727	1.3686509132385254						
GSHSMRYFFTSVSRPGRGEPRFIAVGYVDDTQFVRFDSDAASQRMEPRAPWIEQEGPEYWDGETRKVKAHSQTHRVDLGTLRGYYNQSEAGSHTVQRMYGCDVGSDWRFLRGYHQYAYDGKDYIALKEDLRSWTAADMAAQTTKHKWEAAHVAEQLRAYLEGTCVEWLRRYLENGKETLQRTDAP/LLGWVFAQV	initial_guess_benchmark/alignment/6Z9W_0_with_pep.tsv	6Z9W_0/6Z9W_0	initial_guess_benchmark/pandora/6Z9W_0/no_modelling_output_dict.json	96.17193446579056	3.2128870487213135	97.17049763342614	2.719926357269287	4.045027256011963	75.64591379772644	12.452994346618652	4.463494300842285						
GSHSMRYFFTSVSRPGRGEPRFIAVGYVDDTQFVRFDSDAASQRMEPRAPWIEQEGPEYWDGETRKVKAHSQTHRVDLGTLRGYYNQSEAGSHTVQRMYGCDVGSDWRFLRGYHQYAYDGKDYIALKEDLRSWTAADMAAQTTKHKWEAAHVAEQLRAYLEGTCVEWLRRYLENGKETLQRTDAP/ITDQVPFSV	initial_guess_benchmark/alignment/6VM7_0_with_pep.tsv	6VM7_0/6VM7_0	initial_guess_benchmark/pandora/6VM7_0/no_modelling_output_dict.json	96.88961068575814	2.889608383178711	97.5730010421315	2.5971240997314453	3.325468063354492	82.8421422491946	8.459145545959473	3.0289103984832764						
GSHSMRYFYTAMSRPGRGEPRFIAVGYVDDTQFVRFDSDAASPRMAPRAPWIEQEGPEYWDGETRNMKASAQTYRENLRIALRYYNQSEAGSHIIQVMYGCDVGPDGRLLRGHDQSAYDGKDYIALNEDLSSWTAADTAAQITQRKWEAARVAEQLRAYLEGLCVEWLRRYLENGKETLQRADPP/GSFDYSGVHLW	initial_guess_benchmark/alignment/6D2R_0_with_pep.tsv	6D2R_0/6D2R_0	initial_guess_benchmark/pandora/6D2R_0/no_modelling_output_dict.json	94.97685810051516	3.505689859390259	97.0007488667087	2.5098488330841064	5.7844929695129395	60.938695214532615	17.76894760131836	6.973114967346191						
GSHSMRYFFTSVSRPGRGEPRFIAVGYVDDTQFVRFDSDAASQRMEPRAPWIEQEGPEYWDGETRKVKAHSQTHRVDLGTLRGYYNQSEAGSHTVQRMYGCDVGSDWRFLRGYHQYAYDGKDYIALKEDLRSWTAADMAAQTTKHKWEAAHVAEQLRAYLEGTCVEWLRRYLENGKETLQRTDAP/HMTEVVRHC	initial_guess_benchmark/alignment/6VRN_0_with_pep.tsv	6VRN_0/6VRN_0	initial_guess_benchmark/pandora/6VRN_0/no_modelling_output_dict.json	97.76713359689789	2.604750871658325	97.86194412532171	2.5604326725006104	2.4902989864349365	95.81825051263074	3.6749143600463867	1.6854479312896729						
GSHSMRYFFTSVSRPGRGEPRFIAVGYVDDTQFVRFDSDAASQRMEPRAPWIEQEGPEYWDGETRKVKAHSQTHRVDLGTLRGYYNQSEAGSHTVQRMYGCDVGSDWRFLRGYHQYAYDGKDYIALKEDLRSWTAADMAAQTTKHKWEAAHVAEQLRAYLEGTCVEWLRRYLENGKETLQRTDAP/ILNAMIAKI	initial_guess_benchmark/alignment/6PTB_0_with_pep.tsv	6PTB_0/6PTB_0	initial_guess_benchmark/pandora/6PTB_0/no_modelling_output_dict.json	95.97910498959502	3.168830394744873	97.17490896521895	2.6073360443115234	4.116823673248291	71.39868993510294	13.67697525024414	4.930230617523193						
GSHSMRYFDTAMSRPGRGEPRFISVGYVDDTQFVRFDSDAASPREEPRAPWIEQEGPEYWDRNTQIFKTNTQTDRCSLRNLRGYYNQSEAGSHTLQSMYGCDVGPDGRLLRGHNQYAYDGKDYIALNEDLRSWTAADTAAQITQRKWEAARVAEQDRAYLEGTCVEWLRRYLENGKDTLERADPP/AAAKKGYCL	initial_guess_benchmark/alignment/6P2F_0_with_pep.tsv	6P2F_0/6P2F_0	initial_guess_benchmark/pandora/6P2F_0/no_modelling_output_dict.json	96.5938756435732	2.900156021118164	97.51178367030248	2.54510235786438	3.3815340995788574	77.72576620524906	9.692398071289062	3.4080889225006104						
SGSHSMRYFFTSVSRPGRGEPRFIAVGYVDDTQFVRFDSDAASQRMEPRAPWIEQEGPEYWDQETRNVKAQSQTDRVDLGTLRGYYNQSEAGSHTIQIMYGCDVGSDGRFLRGYRQDAYDGKDYIALNEDLRSWTAADMAAQITKRKWEAAHEAEQLRAYLDGTCVEWLRRYLENGKETLQRTDP/TTAPFLSGK	initial_guess_benchmark/alignment/6O9C_0_with_pep.tsv	6O9C_0/6O9C_0	initial_guess_benchmark/pandora/6O9C_0/no_modelling_output_dict.json	95.52369050730493	3.3352861404418945	96.56687371716092	2.8562610149383545	4.163450241088867	74.08048008248731	12.264241218566895	5.175157070159912						
GSHSMRYFFTSVSRPGRGEPRFIAVGYVDDTQFVRFDSDAASQRMEPRAPWIEQEGPEYWDGETRKVKAHSQTHRVDLGTLRGYYNQSEAGSHTVQRMYGCDVGSDWRFLRGYHQYAYDGKDYIALKEDLRSWTAADMAAQTTKHKWEAAHVAEQLRAYLEGTCVEWLRRYLENGKETLQRTDAP/KLVVVAVGV	initial_guess_benchmark/alignment/6O4Z_0_with_pep.tsv	6O4Z_0/6O4Z_0	initial_guess_benchmark/pandora/6O4Z_0/no_modelling_output_dict.json	96.07708789313565	3.1796045303344727	97.12894467821133	2.7261674404144287	3.9534339904785156	74.45558731102429	11.655811309814453	4.6309895515441895						
GSHSMRYFDTAMSRPGRGEPRFISVGYVDDTQFVRFDSDAASPREEPRAPWIEQEGPEYWDRNTQIFKTNTQTDRCSLRNLRGYYNQSEAGSHTLQSMYGCDVGPDGRLLRGHNQYAYDGKDYIALNEDLRSWTAADTAAQITQRKWEAARVAEQDRAYLEGTCVEWLRRYLENGKDTLERADPP/AAAKKKYCL	initial_guess_benchmark/alignment/6P2S_0_with_pep.tsv	6P2S_0/6P2S_0	initial_guess_benchmark/pandora/6P2S_0/no_modelling_output_dict.json	96.77142928800926	2.869723320007324	97.54165916404328	2.5587635040283203	3.2381794452667236	80.93892628064305	8.864264488220215	3.4649319648742676						
SHSMRYFYTAVSRPGRGEPRFIAVGYVDDTQFVQFDSDAASPRGEPRAPWVEQEGPEYWDRETQKYKRQAQTDRVSLRNLRGYYNQSEAGSHTLQRMYGCDLGPDGRLLRGYNQFAYDGKDYIALNEDLRSWTAADKAAQITQRKWEAAREAEQRRAYLEGTCVEWLRRYLENGKKTLQRAEHPK/GADGVGKSA	initial_guess_benchmark/alignment/6ULI_0_with_pep.tsv	6ULI_0/6ULI_0	initial_guess_benchmark/pandora/6ULI_0/no_modelling_output_dict.json	94.8051804152885	3.559326410293579	96.40859389880964	2.9072909355163574	4.910550117492676	61.84612547624329	15.520209312438965	5.42668342590332						
GSHSMRYFFTSVSRPGRGEPRFIAVGYVDDTQFVRFDSDAASQRMEPRAPWIEQEGPEYWDGETRKVKAHSQTHRVDLGTLRGYYNQSEAGSHTVQRMYGCDVGSDWRFLRGYHQYAYDGKDYIALKEDLRSWTAADMAAQTTKHKWEAAHVAEQLRAYLEGTCVEWLRRYLENGKETLQRTDAP/ALWEIQQVV	initial_guess_benchmark/alignment/7LG2_0_with_pep.tsv	7LG2_0/7LG2_0	initial_guess_benchmark/pandora/7LG2_0/no_modelling_output_dict.json	95.26661288668171	3.4135725498199463	96.60108778267266	2.820164203643799	4.54425573348999	67.83574002464538	14.392912864685059	5.218888759613037						
GSHSMRYFHTAMSRPGRGEPRFITVGYVDDTLFVRFDSDATSPRKEPRAPWIEQEGPEYWDRETQISKTNTQTYRESLRNLRGYYNQSEAGSHTLQRMYGCDVGPDGRLLRGHNQYAYDGKDYIALNEDLRSWTAADTAAQISQRKLEAARVAEQLRAYLEGECVEWLRRYLENGKDKLERADPP/GETALALLLL	initial_guess_benchmark/alignment/6IEX_0_with_pep.tsv	6IEX_0/6IEX_0	initial_guess_benchmark/pandora/6IEX_0/no_modelling_output_dict.json	91.53960562948136	4.773293972015381	93.37396825917035	3.9529623985290527	6.514109134674072	57.603896980235035	18.11691665649414	6.469406604766846						
GSHSMRYFFTSVSRPGRGEPRFIAVGYVDDTQFVRFDSDAASQRMEPRAPWIEQEGPEYWDGETRKVKAHSQTHRVDLGTLRGYYNQSEAGSHTVQRMYGCDVGSDWRFLRGYHQYAYDGKDYIALKEDLRSWTAADMAAQTTKHKWEAAHVAEQLRAYLEGTCVEWLRRYLENGKETLQRTDAP/ELAGIGILTV	initial_guess_benchmark/alignment/6DKP_0_with_pep.tsv	6DKP_0/6DKP_0	initial_guess_benchmark/pandora/6DKP_0/no_modelling_output_dict.json	93.97111522267448	3.748013734817505	96.09784139126722	2.820746421813965	6.165332794189453	54.62668110370875	18.32849884033203	6.645743370056152						
SHSMRYFYTAVSRPGRGEPRFIAVGYVDDTQFVQFDSDAASPRGEPRAPWVEQEGPEYWDRETQKYKRQAQTDRVSLRNLRGYYNQSEAGSHTLQRMYGCDLGPDGRLLRGYNQFAYDGKDYIALNEDLRSWTAADKAAQITQRKWEAAREAEQRRAYLEGTCVEWLRRYLENGKKTLQRAEHPK/GADGVGKSA	initial_guess_benchmark/alignment/6JTP_0_with_pep.tsv	6JTP_0/6JTP_0	initial_guess_benchmark/pandora/6JTP_0/no_modelling_output_dict.json	94.7723480626551	3.57100510597229	96.40137546892541	2.913400173187256	4.959564208984375	61.28678471154308	15.608692169189453	5.4452362060546875						
GSHSMRYFHTSVSRPGRGEPRFISVGYVDDTQFVRFDSDAASPRTEPRAPWIEQEGPEYWDRETQISKTNTQTYREDLRTLLRYYNQSEAGSHTIQRMSGCDVGPDGRLLRGYNQFAYDGKDYIALNEDLSSWTAADTAAQITQRKWEAARVAEQDRAYLEGTCVEWLRRYLENGKETLQRADPP/FEDLRVLSF	initial_guess_benchmark/alignment/6MTM_0_with_pep.tsv	6MTM_0/6MTM_0	initial_guess_benchmark/pandora/6MTM_0/no_modelling_output_dict.json	95.71445650407234	3.2982800006866455	97.14892950026992	2.6187262535095215	4.922679901123047	66.22806713778927	15.55295467376709	5.138383865356445						
GSHSMRYFSTSVSRPGSGEPRFIAVGYVDDTQFVRFDSDAASQRMEPRAPWIEQERPEYWDQETRNVKAQSQTDRVDLGTLRGYYNQSEAGSHTIQIMYGCDVGSDGRFLRGYEQHAYDGKDYIALNEDLRSWTAADMAAQITQRKWEAARWAEQLRAYLEGTCVEWLRRYLENGKETLQRTDPP/AIFQSSMTK	initial_guess_benchmark/alignment/6J1W_0_with_pep.tsv	6J1W_0/6J1W_0	initial_guess_benchmark/pandora/6J1W_0/no_modelling_output_dict.json	95.1259021163214	3.4079487323760986	96.42756133408979	2.8036484718322754	4.73549222946167	68.3695737510828	14.410379409790039	5.293961048126221						
AGPHSMRYFETAVSRPGLGEPRYISVGYVDNKEFVRFDSDAENPRYEPQAPWMEQEGPEYWERITQIAKGQEQWFRVNLRTLLGYYNQSAGGTHTLQWMYGCDVGSDGRLLRGYEQFAYDGCDYIALNEDLKTWTAADMAAQITRRKWEQAGAAEYYRAYLEGECVEWLHRYLKNGNATLLRTDS/SPSYVYHQF	initial_guess_benchmark/alignment/6L9M_0_with_pep.tsv	6L9M_0/6L9M_0	initial_guess_benchmark/pandora/6L9M_0/no_modelling_output_dict.json	94.70905313347701	3.6102867126464844	95.98957072145731	3.02018666267395	4.7689290046691895	68.38730271388188	14.496689796447754	5.353375434875488						
GSHSMRYFFTSVSRPGRGEPRFIAVGYVDDTQFVRFDSDAASQRMEPRAPWIEQEGPEYWDGETRKVKAHSQTHRVDLGTLRGYYNQSEAGSHTVQRMYGCDVGSDWRFLRGYHQYAYDGKDYIALKEDLRSWTAADMAAQTTKHKWEAAHVAEQLRAYLEGTCVEWLRRYLENGKETLQRTDAP/IMDQVPFSV	initial_guess_benchmark/alignment/6VM9_0_with_pep.tsv	6VM9_0/6VM9_0	initial_guess_benchmark/pandora/6VM9_0/no_modelling_output_dict.json	96.84082019399814	2.918487787246704	97.55667094011534	2.5862178802490234	3.3707823753356934	82.12611041270036	9.279162406921387	3.2684967517852783						
GSHSMRYFYTAMSRPGRGEPRFIAVGYVDDTQFVRFDSDAASPRMAPRAPWIEQEGPEYWDGETRNMKASAQTYRENLRIALRYYNQSEAGSHIIQVMYGCDVGPDGRLLRGHDQSAYDGKDYIALNEDLSSWTAADTAAQITQRKWEAARVAEQLRAYLEGLCVEWLRRYLENGKETLQRADPP/LTVQVARVY	initial_guess_benchmark/alignment/5VUF_0_with_pep.tsv	5VUF_0/5VUF_0	initial_guess_benchmark/pandora/5VUF_0/no_modelling_output_dict.json	94.31856111334812	3.7066051959991455	96.62837394356596	2.6317689418792725	8.33491325378418	46.8390751588706	21.021390914916992	6.805774211883545						
GSHSMRYFYTAMSRPGRGEPRFIAVGYVDDTQFVRFDSDAASPRTEPRAPWIEQEGPEYWDGETRNMKASAQTYRENLRIALRYYNQSEAGSHIIQRMYGCDLGPDGRLLRGHDQSAYDGKDYIALNEDLSSWTAADTAAQITQRKWEAARVAEQLRAYLEGLCVEWLRRYLENGKETLQRADPP/LTVQVARVW	initial_guess_benchmark/alignment/5VWJ_0_with_pep.tsv	5VWJ_0/5VWJ_0	initial_guess_benchmark/pandora/5VWJ_0/no_modelling_output_dict.json	94.93612535838189	3.4826529026031494	96.97277863472303	2.5528647899627686	6.897055149078369	53.07158578914704	19.037734985351562	6.418577671051025						
GSHSMRYFFTSVSRPGRGEPRFIAVGYVDDTQFVRFDSDAASQRMEPRAPWIEQEGPEYWDGETRKVKAHSQTHRVDLGTLRGYYNQSEAGSHTVQRMYGCDVGSDWRFLRGYHQYAYDGKDYIALKEDLRSWTAADMAAQTTKHKWEAAHVAEQLRAYLEGTCVEWLRRYLENGKETLQRTDAP/ELAGIGILTV	initial_guess_benchmark/alignment/5NHT_0_with_pep.tsv	5NHT_0/5NHT_0	initial_guess_benchmark/pandora/5NHT_0/no_modelling_output_dict.json	93.97526122789218	3.7463207244873047	96.09876352822323	2.8205111026763916	6.153950214385986	54.69046867176803	18.309528350830078	6.64412784576416						
SHSMRYFDTAVSRPGRGEPRFISVGYVDDTQFVRFDSDAASPRGEPRAPWVEQEGPEYWDRETQKYKRQAQADRVSLRNLRGYYNQSEDGSHTLQRMSGCDLGPDGRLLRGYDQSAYDGKDYIALNEDLRSWTAADTAAQITQRKLEAARAAEQLRAYLEGTCVEWLRRYLENGKETLQRAEPPK/RYRPGTVAL	initial_guess_benchmark/alignment/6PA1_0_with_pep.tsv	6PA1_0/6PA1_0	initial_guess_benchmark/pandora/6PA1_0/no_modelling_output_dict.json	95.58115378221379	3.342702865600586	96.69937918393467	2.838876962661743	4.29525089263916	72.59540941350728	12.68844985961914	4.5375871658325195						
GPHSMRYFETAVSRPGLEEPRYISVGYVDNKEFVRFDSDAENPRYEPRAPWMEQEGPEYWERETQKAKGQEQWFRVSLRNLLGYYNQSAGGSHTLQQMSGCDLGSDWRLLRGYLQFAYEGRDYIALNEDLKTWTAADMAAQITRRKWEQSGAAEHYKAYLEGECVEWLHRYLKNGNATLLRTDSP/KAPYDYAPI	initial_guess_benchmark/alignment/6G9Q_0_with_pep.tsv	6G9Q_0/6G9Q_0	initial_guess_benchmark/pandora/6G9Q_0/no_modelling_output_dict.json	94.30523372878774	3.722709894180298	95.33487987863904	3.2800912857055664	4.414435386657715	73.14028509295582	12.093315124511719	4.461621284484863						
GSHSMRYFYTSVSRPGRGEPRFISVGYVDDTQFVRFDSDAASPREEPRAPWIEQEGPEYWDRNTQIYKAQAQTDRESLRNLRGYYNQSEAGSHTLQSMYGCDVGPDGRLLRGHDQYAYDGKDYIALNEDLRSWTAADTAAQITQRKWEAAREAEQRRAYLEGECVEWLRRYLENGKDKLERADPP/SPRWYFYYL	initial_guess_benchmark/alignment/7LGD_0_with_pep.tsv	7LGD_0/7LGD_0	initial_guess_benchmark/pandora/7LGD_0/no_modelling_output_dict.json	94.72401909445107	3.6054251194000244	96.35198372501651	2.848092794418335	5.747426986694336	61.26030168838385	16.903852462768555	6.215081691741943						
GSHSMRYFFTSVSRPGRGEPRFIAVGYVDDTQFVRFDSDAASQRMEPRAPWIEQEGPEYWDGETRKVKAHSQTHRVDLGTLRGYYNQSEAGSHTVQRMYGCDVGSDWRFLRGYHQYAYDGKDYIALKEDLRSWTAADMAAQTTKHKWEAAHVAEQLRAYLEGTCVEWLRRYLENGKETLQRTDAP/KLVALGINAV	initial_guess_benchmark/alignment/5YXU_0_with_pep.tsv	5YXU_0/5YXU_0	initial_guess_benchmark/pandora/5YXU_0/no_modelling_output_dict.json	97.35611421177974	2.7460579872131348	97.44473494197007	2.732807159423828	2.676877737045288	95.71663070325869	3.1282215118408203	1.4908162355422974						
ELHTLRYIRTAMTDPGPGQPWFVTVGYVDGELFVHYNSTARRYVPRTEWIAANTDQQYWDGQTQIGQLNEQINRENLGIRQRRYNQTGGSHTVQWMFGCDILEDGTIRGYRQSAYDGRDFIALDKDMKTFTAAVPEAVPTKRKWEEESEPERWKNYLEETCVEWLRRYVEYGKAELGRRERPEVR/IDWFDGKE	initial_guess_benchmark/alignment/6LHG_0_with_pep.tsv	6LHG_0/6LHG_0	initial_guess_benchmark/pandora/6LHG_0/no_modelling_output_dict.json	95.79725745256161	3.3655521869659424	97.23684889183905	2.7162303924560547	5.147148132324219	62.50670541927127	16.530956268310547	4.95106315612793						
GSHSMRYFYTSVSRPGRGEPRFISVGYVDDTQFVRFDSDAASPREEPRAPWIEQEGPEYWDRNTQIYKAQAQTDRESLRNLRGYYNQSEAGSHTLQSMYGCDVGPDGRLLRGHDQYAYDGKDYIALNEDLRSWTAADTAAQITQRKWEAAREAEQRRAYLEGECVEWLRRYLENGKDKLERADPP/SPRWYFYYL	initial_guess_benchmark/alignment/7LG0_0_with_pep.tsv	7LG0_0/7LG0_0	initial_guess_benchmark/pandora/7LG0_0/no_modelling_output_dict.json	94.75529071432145	3.571781873703003	96.40833238345918	2.80155086517334	5.7308783531188965	60.77610084871287	17.114376068115234	6.261130332946777						
GSHSMRYFFTSVSRPGRGEPRFIAVGYVDDTQFVRFDSDAASQRMEPRAPWIEQEGPEYWDGETRKVKAHSQTHRVDLGTLRGYYNQSEAGSHTVQRMYGCDVGSDWRFLRGYHQYAYDGKDYIALKEDLRSWTAADMAAQTTKHKWEAAHVAEQLRAYLEGTCVEWLRRYLENGKETLQRTDAP/KLNDLCFTNV	initial_guess_benchmark/alignment/7M8S_0_with_pep.tsv	7M8S_0/7M8S_0	initial_guess_benchmark/pandora/7M8S_0/no_modelling_output_dict.json	95.72335160086327	3.2966158390045166	96.73929169805747	2.877139091491699	3.8614001274108887	76.92845980277033	10.43939208984375	4.272830963134766						
GSHSMRYFHTSVSRPGRGEPRFITVGYVDDTLFVRFDSDAASPREEPRAPWIEQEGPEYWDRETQICKAKAQTDREDLRTLLRYYNQSEAGSHTLQNMYGCDVGPDGRLLRGYHQDAYDGKDYIALNEDLSSWTAADTAAQITQRKWEAARVAEQLRAYLEGECVEWLRRYLENGKETLQRADPP/GRLNEPIKV	initial_guess_benchmark/alignment/6Y28_0_with_pep.tsv	6Y28_0/6Y28_0	initial_guess_benchmark/pandora/6Y28_0/no_modelling_output_dict.json	96.91118202091637	2.870425224304199	97.80971281245576	2.4711573123931885	3.6350350379943848	78.44138241705089	10.267760276794434	3.8003170490264893						
SHSMRYFFTSVSRPGRGEPRFIAVGYVDDTQFVRFDSDAASQRMEPRAPWIEQEGPEYWDGETRKVKAHSQTHRVDLGTLRGYYNQSEAGSHTVQRMYGCDVGSDWRFLRGYHQYAYDGKDYIALKEDLRSWTAADMAAQTTKHKWEAAHVAEQLRAYLEGTCVEWLRRYLENGKETLQRTDAPK/GVYDGREHTV	initial_guess_benchmark/alignment/6TRO_0_with_pep.tsv	6TRO_0/6TRO_0	initial_guess_benchmark/pandora/6TRO_0/no_modelling_output_dict.json	97.49327441252856	2.709742784500122	97.84225463023027	2.544771194458008	2.801703453063965	91.03714038504695	5.683515548706055	2.4551949501037598						
MGPHSMRYFETAVSRPGLEEPRYISVGYVDNKEFVRFDSDAENPRYEPRAPWMEQEGPEYWERETQKAKGQEQWFRVSLRNLLGYYNQSAGGSHTLQQMSGCDLGSDWRLLRGYLQFAYEGRDYIALNEDLKTWTAADMAAQITRRKWEQSGAAEHYKAYLEGECVEWLHRYLKNGNATLLRTDS/SGPDNGAVAV	initial_guess_benchmark/alignment/6WZY_0_with_pep.tsv	6WZY_0/6WZY_0	initial_guess_benchmark/pandora/6WZY_0/no_modelling_output_dict.json	92.28650799395656	4.378661632537842	94.66695009165649	3.295726776123047	8.399750709533691	48.24832918650827	20.25611686706543	6.890100002288818						
SHSMRYFSAAVSRPGRGEPRFIAMGYVDDTQFVRFDSDSASPRMEPRAPWVEQEGPEYWEEETRNTKAHAQTDRMNLQTLRGYYNQSEASSHTLQWMIGCDLLLRGYEQYAYDGKDYLALNEDLRSWTAADTAAQISKRKCEAANVAEQRRAYLEGTCVEWLHRYLENGKEMLQRADPPKTHVTH/RIIPRHLQL	initial_guess_benchmark/alignment/6K60_0_with_pep.tsv	6K60_0/6K60_0	initial_guess_benchmark/pandora/6K60_0/no_modelling_output_dict.json	95.27909715371742	3.6027603149414062	96.04971452894522	3.2299373149871826	4.038125514984131	79.43862888514627	10.79616641998291	4.318268775939941						
GPHSMRYFETAVSRPGLEEPRYISVGYVDNKEFVRFDSDAENPRYEPRAPWMEQEGPEYWERETQKAKGQEQWFRVSLRNLLGYYNQSAGGSHTLQQMSGCDLGSDWRLLRGYQQYAYDGRDYIALNEDLKTWTAADMAAQITRRKWEQSGAAEHYKAYLEGECVEWLHRYLKNGNRTDSPKAHV/SGPSNTPPEI	initial_guess_benchmark/alignment/6H6H_0_with_pep.tsv	6H6H_0/6H6H_0	initial_guess_benchmark/pandora/6H6H_0/no_modelling_output_dict.json	90.65068319099862	5.332923412322998	92.7079445261808	4.442302703857422	8.142662048339844	52.59134849012829	18.938962936401367	6.455988883972168						
SHSMRYFFTSVSRPGRGEPRFIAVGYVDDTQFVRFDSDAASQRMEPRAPWIEQEGPEYWDGETRKVKAHSQTHRVDLGTLRGYYNQSEAGSHTVQRMYGCDVGSDWRFLRGYHQYAYDGKDYIALKEDLRSWTAADMAAQTTKHKWEAAHVAEQLRAYLEGTCVEWLRRYLENGKETLQRTDAPK/MMWDRGLGMM	initial_guess_benchmark/alignment/6AMU_0_with_pep.tsv	6AMU_0/6AMU_0	initial_guess_benchmark/pandora/6AMU_0/no_modelling_output_dict.json	95.67293051990055	3.2953290939331055	97.29613658326913	2.5676233768463135	4.841256141662598	65.64361834758157	15.105751037597656	5.260143280029297						
GSHSMRYFFTSVSRPGRGEPRFIAVGYVDDTQFVRFDSDAASQRMEPRAPWIEQEGPEYWDGETRKVKAHSQTHRVDLGTLRGYYNQSEAGSHTVQRMYGCDVGSDWRFLRGYHQYAYDGKDYIALKEDLRSWTAADMAAQTTKHKWEAAHVAEQLRAYLEGTCVEWLRRYLENGKETLQRTDAP/LLWNGPMQV	initial_guess_benchmark/alignment/6SSA_0_with_pep.tsv	6SSA_0/6SSA_0	initial_guess_benchmark/pandora/6SSA_0/no_modelling_output_dict.json	96.45956946543612	3.0353119373321533	97.44720898021248	2.5640695095062256	3.5839903354644775	76.1580905505891	12.094714164733887	4.650188446044922						
GSHSMRYFYTSVSRPGRGEPRFISVGYVDDTQFVRFDSDAASPREEPRAPWIEQEGPEYWDRNTQIYKAQAQTDRESLRNLRGYYNQSEAGSHTLQSMYGCDVGPDGRLLRGHDQYAYDGKDYIALNEDLRSWTAADTAAQITQRKWEAAREAEQRRAYLEGECVEWLRRYLENGKDKLERADPP/SPIVPSFDM	initial_guess_benchmark/alignment/5WMN_0_with_pep.tsv	5WMN_0/5WMN_0	initial_guess_benchmark/pandora/5WMN_0/no_modelling_output_dict.json	96.80239771730132	2.928191661834717	97.59012617419019	2.5376555919647217	3.516258478164673	80.61020165902966	10.312795639038086	4.059166431427002						
SHSMRYFSAAVSRPGRGEPRFIAMGYVDDTQFVRFDSDSASPRMEPRAPWVEQEGPEYWEEETRNTKAHAQTDRMNLQTLRGYYNQSEASSHTLQWMIGCDLGSDGRLIRGYERYAYDGKDYLALNEDLRSWTAADTAAQISKRKCEAANVAEQRRAYLEGTCVEWLHRYLENGKEMLQRADPPK/RIIPRHLQL	initial_guess_benchmark/alignment/6AEE_0_with_pep.tsv	6AEE_0/6AEE_0	initial_guess_benchmark/pandora/6AEE_0/no_modelling_output_dict.json	96.37851442144513	3.0369484424591064	97.32279022130058	2.5881528854370117	3.71391224861145	76.96840075775002	11.510010719299316	4.58299446105957						
GPHSLSYFYTAVSRPDRGDSRFIAVGYVDDTQFVRFDNYAPNPRMEPRVPWIQQEGQDYWDEETRKVKDNAQTYGVGLNTLRGYYNQSEAGSHTLQSMYGCYLGPDGLLLHGYRQDAYDGADYIALNEDLRSWTAADMAAQITKRKWEAANVAERRRSYLQGLCVESLRRYLEMGKDTLQRAEPP/NSDTVGWSW	initial_guess_benchmark/alignment/6KWN_0_with_pep.tsv	6KWN_0/6KWN_0	initial_guess_benchmark/pandora/6KWN_0/no_modelling_output_dict.json	95.62359433460364	3.317809820175171	96.43352801180806	2.9547078609466553	3.821720838546753	78.9749576365128	10.267171859741211	3.5334227085113525						
GSHSMRYFFTSVSRPGRGEPRFIAVGYVDDTQFVRFDSDAASQRMEPRAPWIEQEGPEYWDGETRKVKAHSQTHRVDLGTLRGYYNQSEAGSHTVQRMYGCDVGSDWRFLRGYHQYAYDGKDYIALKEDLRSWTAADMAAQTTKHKWEAAHVAEQLRAYLEGTCVEWLRRYLENGKETLQRTDAP/AAGIGILTV	initial_guess_benchmark/alignment/6EQB_0_with_pep.tsv	6EQB_0/6EQB_0	initial_guess_benchmark/pandora/6EQB_0/no_modelling_output_dict.json	97.58317818155392	2.6465725898742676	97.68457656713947	2.6304712295532227	2.559147357940674	95.49887803340698	3.125131607055664	1.4099940061569214						
SHSMRYFFTSVSRPGRGEPRFIAVGYVDDTQFVRFDSDAASQRMEPRAPWIEQEGPEYWDGETRKVKAHSQTHRVDLGTLRGYYNQSEAGSHTVQRMYGCDVGSDWRFLRGYHQYAYDGKDYIALKEDLRSWTAADMAAQTTKHKWEAAHVAEQLRAYLEGTCVEWLRRYLENGKETLQRTDAPK/KLVVVGAVGV	initial_guess_benchmark/alignment/6O53_0_with_pep.tsv	6O53_0/6O53_0	initial_guess_benchmark/pandora/6O53_0/no_modelling_output_dict.json	96.24688323674829	3.1025261878967285	97.29965485453634	2.6454508304595947	3.6486191749572754	76.7706083076694	10.930939674377441	4.608091831207275						
GSHSMRYFHTSVSRPGRGEPRFITVGYVDDTLFVRFDSDAASPREEGRAPWIEQEGPEHWDRETQICKAKAQTDREDLRTLLRYYNQSEAGSHTLQNMYGCDVGPDGRLLRGYHQDAYDGKDYIALNEDLSSWTAADTAAQITQRKWEAARVAEQLRAYLEGECVEWLRRYLENGKETLQRADPP/LRNQSVFNF	initial_guess_benchmark/alignment/6PYV_0_with_pep.tsv	6PYV_0/6PYV_0	initial_guess_benchmark/pandora/6PYV_0/no_modelling_output_dict.json	95.97063202887853	3.1896233558654785	97.3088443613441	2.55063533782959	4.564558506011963	68.46293408375271	14.838109970092773	5.478089809417725						
GSHSMRYFFTSVSRPGRGEPRFIAVGYVDDTQFVRFDSDAASQKMEPRAPWIEQEGPEYWDQETRNMKAHSQTDRANLGTLRGYYNQSEDGSHTIQIMYGCDVGPDGRFLRGYRQDAYDGKDYIALNEDLRSWTAADMAAQITKRKWEAVHAAEQRRVYLEGRCVDGLRRYLENGKETLQRTDPP/ILDTAGKEEY	initial_guess_benchmark/alignment/6MPP_0_with_pep.tsv	6MPP_0/6MPP_0	initial_guess_benchmark/pandora/6MPP_0/no_modelling_output_dict.json	95.22308255854676	3.4570400714874268	96.78811314908168	2.7221107482910156	4.969110488891602	66.27001663365058	15.434789657592773	5.425049304962158						
GSHSMRYFYTSVSRPGRGEPRFISVGYVDDTQFVRFDSDAASPREEPRAPWIEQEGPEYWDRNTQIYKAQAQTDRESLRNLRGYYNQSEAGSHTLQSMYGCDVGPDGRLLRGHDQYAYDGKDYIALNEDLRSWTAADTAAQITQRKWEAAREAEQRRAYLEGECVEWLRRYLENGKDKLERADPP/TPRVTGGGAM	initial_guess_benchmark/alignment/5WMP_0_with_pep.tsv	5WMP_0/5WMP_0	initial_guess_benchmark/pandora/5WMP_0/no_modelling_output_dict.json	95.85230536903646	3.2271738052368164	97.12509658123652	2.6435115337371826	4.207774639129639	72.30566794333545	12.95620059967041	4.857471942901611						
GSHSMRYFYTAMSRPGRGEPRFIAVGYVDDTQFVRFDSDAASPRMAPRAPWIEQEGPEYWDGETRNMKASAQTYRENLRIALRYYNQSEAGSHIIQVMYGCDVGPDGRLLRGHNQYAYDGKDYIALNEDLSSWTAADTAAQITQRKWEAARVAEQLRAYLEGLCVEWLRRYLENGKETLQRADPP/LSSPVTKSW	initial_guess_benchmark/alignment/5VVP_0_with_pep.tsv	5VVP_0/5VVP_0	initial_guess_benchmark/pandora/5VVP_0/no_modelling_output_dict.json	95.42528465669508	3.285231590270996	97.03788552682188	2.5621395111083984	5.1586594581604	62.277377881866386	16.14494514465332	5.966035842895508						
GSHSMRYFYTSVSRPGRGEPRFISVGYVDDTQFVRFDSDAASPREEPRAPWIEQEGPEYWDRNTQIYKAQAQTDRESLRNLRGYYNQSEAGSHTLQSMYGCDVGPDGRLLRGHDQYAYDGKDYIALNEDLRSWTAADTAAQITQRKWEAAREAEQRRAYLEGECVEWLRRYLENGKDKLERADPP/RPPIFIRRL	initial_guess_benchmark/alignment/5WMO_0_with_pep.tsv	5WMO_0/5WMO_0	initial_guess_benchmark/pandora/5WMO_0/no_modelling_output_dict.json	95.13063047942516	3.523526430130005	96.12776721092035	3.037930488586426	4.417201995849609	74.63393099869063	12.546272277832031	4.865384101867676						
GSHSMRYFDTAMSRPGRGEPRFISVGYVDDTQFVRFDSDAASPREEPRAPWIEQEGPEYWDRNTQIFKTNTQTDRCSLRNLRGYYNQSEAGSHTLQSMYGCDVGPDGRLLRGHNQYAYDGKDYIALNEDLRSWTAADTAAQITQRKWEAARVAEQDRAYLEGTCVEWLRRYLENGKDTLERADPP/AAAKKKYCL	initial_guess_benchmark/alignment/6P23_0_with_pep.tsv	6P23_0/6P23_0	initial_guess_benchmark/pandora/6P23_0/no_modelling_output_dict.json	96.74231639996253	2.858029365539551	97.5733381314902	2.550340414047241	3.224135160446167	79.66020302967137	8.788056373596191	3.4456405639648438						
GSHSLKYFHTSVSRPGRGEPRFISVGYVDDTQFVRFDNDAASPRMVPRAPWMEQEGSEYWDRETRSARDTAQIFRVNLRTLRGYYNQSEAGSHTLQWMHGCELGPDGRFLRGYEQFAYDGKDYLTLNEDLRSWTAVDTAAQISEQKSNDASEAEHQRAYLEDTCVEWLHKYLEKGKETLLHLEPP/RLPAKAPLL	initial_guess_benchmark/alignment/6GH1_0_with_pep.tsv	6GH1_0/6GH1_0	initial_guess_benchmark/pandora/6GH1_0/no_modelling_output_dict.json	95.87490078335678	3.2070252895355225	96.75364151663726	2.879819393157959	3.7373738288879395	77.81189682148063	9.38486099243164	3.5709545612335205						
MELHTLRYIQTAMTDPGPGQPWFVTVGYVDGELFVHYNSTARRYVPRTEWIAAKADQQYWDGQTQIGQGNEQIDRENLGILQRRYNQTGGSHTVQWMYGCDILEGGPIRGYYQMAYDGRDFTAFDKGTMTFTAAVPEAVPTKRKWEEESEPERWKNYLEETCVEWLRRYVEYGKAELGRRERPEV/LPACVLEV	initial_guess_benchmark/alignment/5YMW_0_with_pep.tsv	5YMW_0/5YMW_0	initial_guess_benchmark/pandora/5YMW_0/no_modelling_output_dict.json	96.2157103398049	3.288883924484253	97.0809891421198	2.864657163619995	4.008442401885986	76.20613803627214	12.335480690002441	4.308700084686279						
GSHSMRYFFTSVSRPGRGEPRFIAVGYVDDTQFVRFDSDAASQRMEPRAPWIEQEGPEYWDGETRKVKAHSQTHRVDLGTLRGYYNQSEAGSHTVQRMYGCDVGSDWRFLRGYHQYAYDGKDYIALKEDLRSWTAADMAAQTTKHKWEAAHVAEQLRAYLEGTCVEWLRRYLENGKETLQRTDAP/RLSSPLHFV	initial_guess_benchmark/alignment/6EWC_0_with_pep.tsv	6EWC_0/6EWC_0	initial_guess_benchmark/pandora/6EWC_0/no_modelling_output_dict.json	96.18567144683678	3.114291191101074	97.23400431924446	2.691636323928833	4.221415042877197	74.63660684734512	10.659818649291992	3.8389673233032227						
GSHSMRYFFTSVSRPGRGEPRFIAVGYVDDTQFVRFDSDAASQRMEPRAPWIEQEGPEYWDGETRKVKAHSQTHRVDLGTLRGYYNQSEAGSHTVQRMYGCDVGSDWRFLRGYHQYAYDGKDYIALKEDLRSWTAADMAAQTTKHKWEAAHVAEQLRAYLEGTCVEWLRRYLENGKETLQRTDAP/KLVVGAVGV	initial_guess_benchmark/alignment/6O4Y_0_with_pep.tsv	6O4Y_0/6O4Y_0	initial_guess_benchmark/pandora/6O4Y_0/no_modelling_output_dict.json	95.88724962755393	3.2221343517303467	97.01919735802488	2.7481882572174072	4.064662933349609	72.61943516787275	12.05554485321045	4.584754943847656						
GSHSLKYFHTSVSRPGRGEPRFISVGYVDDTQFVRFDNDAASPRMVPRAPWMEQEGSEYWDRETRSARDTAQIFRVNLRTLRGYYNQSEAGSHTLQWMHGCELGPDGRFLRGYEQFAYDGKDYLTLNEDLRSWTAVDTAAQISEQKSNDASEAEHQRAYLEDTCVEWLHKYLEKGKETLLHLEPP/RMYSPTSIL	initial_guess_benchmark/alignment/6GL1_0_with_pep.tsv	6GL1_0/6GL1_0	initial_guess_benchmark/pandora/6GL1_0/no_modelling_output_dict.json	94.99422045010266	3.5580410957336426	96.36818263372763	2.921609878540039	5.229395866394043	66.75166445336728	14.870779037475586	5.574669361114502						
GSHSMRYFFTSVSRPGRGEPRFIAVGYVDDTQFVRFDSDAASQRMEPRAPWIEQEGPEYWDGETRKVKAHSQTHRVDLGTLRGYYNQSEAGSHTVQRMYGCDVGSDWRFLRGYHQYAYDGKDYIALKEDLRSWTAADMAAQTTKHKWEAAHVAEQLRAYLEGTCVEWLRRYLENGKETLQRTDAP/LLLPRLPPL	initial_guess_benchmark/alignment/7MJ9_0_with_pep.tsv	7MJ9_0/7MJ9_0	initial_guess_benchmark/pandora/7MJ9_0/no_modelling_output_dict.json	96.37621580683317	3.085221290588379	97.36253216190585	2.6309778690338135	3.9661991596221924	76.101935174784	11.475150108337402	4.44837760925293						
GSHSMRYFYTSVSRPGRGEPRFIAVGYVDDTQFVRFDSDAASQRMEPRAPWIEQEGPEYWDGETRKVKAHSQTHRVDLGTLRGYYNQSEAGSHTVQRMYGCDVGSDWRFLRGYHQYAYDGKDYIALKEDLRSWTAADMAAQTTKHKWEAAHVAEQLRAYLEGTCVEWLRRYLENGKETLQRTDAP/KQWLVWLLL	initial_guess_benchmark/alignment/6UK2_0_with_pep.tsv	6UK2_0/6UK2_0	initial_guess_benchmark/pandora/6UK2_0/no_modelling_output_dict.json	94.90397328460713	3.7961854934692383	97.31460343253494	2.5496163368225098	10.284506797790527	45.352131354980465	22.805381774902344	6.394504070281982						
GSHSLKYFHTSVSRPGRGEPRFISVGYVDDTQFVRFDNDAASPRMVPRAPWMEQEGSEYWDRETRSARDTAQIFRVNLRTLRGYYNQSEAGSHTLQWMHGCELGPDGRFLRGYEQFAYDGKDYLTLNEDLRSWTAVDTAAQISEQKSNDASEAEHQRAYLEDTCVEWLHKYLEKGKETLLHLEPP/RFPAKAPLL	initial_guess_benchmark/alignment/6GGM_0_with_pep.tsv	6GGM_0/6GGM_0	initial_guess_benchmark/pandora/6GGM_0/no_modelling_output_dict.json	95.33190762482907	3.34551739692688	96.45855406684902	2.897010326385498	4.166384696960449	72.17306409441893	11.697672843933105	4.297081470489502						
GPHSLSYFSTAVSRPDRGDSRFIAVGYVDDTQFVRFDSDAPNPRMEPRVPWIQQEGQEYWAEETRKVKDNAQTYRVNLKALRGYYNQSVAGSHTLQSMFGCYLGPDGLLLHGYRQDAYDGADYIALNEDLRSWTAADMAAQITKRKWEAADAAEQMRSYLQGLCVESLRKYLEMGKDTLQRAEPP/TMPPGFELY	initial_guess_benchmark/alignment/5YLX_0_with_pep.tsv	5YLX_0/5YLX_0	initial_guess_benchmark/pandora/5YLX_0/no_modelling_output_dict.json	95.02408000059181	3.459336757659912	95.77906917645952	3.1571569442749023	4.134817600250244	79.50485805220016	8.994003295898438	3.4865448474884033						
GSHSMRYFFTSVSRPGRGEPRFIAVGYVDDTQFVRFDSDAASQRMEPRAPWIEQEGPEYWDGETRKVKAHSQTHRVDLGTLRGYYNQSEAGSHTVQRMYGCDVGSDWRFLRGYHQYAYDGKDYIALKEDLRSWTAADMAAQTTKHKWEAAHVAEQLRAYLEGTCVEWLRRYLENGKETLQRTDAP/HMTEVVRRC	initial_guess_benchmark/alignment/6VR1_0_with_pep.tsv	6VR1_0/6VR1_0	initial_guess_benchmark/pandora/6VR1_0/no_modelling_output_dict.json	97.79392834499775	2.5884592533111572	97.90139296853259	2.5372607707977295	2.4723949432373047	95.58493330567066	3.79756760597229	1.7531923055648804						
MGPHSMRYFETAVSRPGLEEPRYISVGYVDNKEFVRFDSDAENPRYEPRAPWMEQEGPEYWERETQKAKGQEQWFRVSLRNLLGYYNQSAGGSHTLQQMSGCDLGSDWRLLRGYLQFAYEGRDYIALNEDLKTWTAADMAAQITRRKWEQSGAAEHYKAYLEGECVEWLHRYLKNGNATLLRTDS/SGPDNGAVAVL	initial_guess_benchmark/alignment/6X00_0_with_pep.tsv	6X00_0/6X00_0	initial_guess_benchmark/pandora/6X00_0/no_modelling_output_dict.json	93.256077491367	4.045708656311035	95.06408325943842	3.231621742248535	5.7698469161987305	62.84870775562028	15.904275894165039	5.874643802642822						
GSHSMRYFYTAMSRPGRGEPRFIAVGYVDDTQFVRFDSDAASPRMAPRAPWIEQEGPEYWDGETRNMKASAQTYRENLRIALRYYNQSEAGSHIIQVMYGCDVGPDGRLLRGHNQYAYDGKDYIALNEDLSSWTAADTAAQITQRKWEAARVAEQLRAYLEGLCVEWLRRYLENGKETLQRADPP/LTVQVARVY	initial_guess_benchmark/alignment/5VWF_0_with_pep.tsv	5VWF_0/5VWF_0	initial_guess_benchmark/pandora/5VWF_0/no_modelling_output_dict.json	94.6534067072956	3.576308250427246	96.75188453224338	2.5792505741119385	7.048503398895264	51.51802919448093	20.445846557617188	6.728414535522461						
GSHSMRYFFTSVSRPGRGEPRFIAVGYVDDTQFVRFDSDAASQRMEPRAPWIEQEGPEYWDGETRKVKAHSQTHRVDLGTLRGYYNQSEAGSHTVQRMYGCDVGSDWRFLRGYHQYAYDGKDYIALKEDLRSWTAADMAAQTTKHKWEAAHVAEQLRAYLEGTCVEWLRRYLENGKETLQRTDAP/HMTEVVRHC	initial_guess_benchmark/alignment/6W51_0_with_pep.tsv	6W51_0/6W51_0	initial_guess_benchmark/pandora/6W51_0/no_modelling_output_dict.json	97.83821094050313	2.566990375518799	97.94155010625373	2.5220041275024414	2.4594435691833496	95.71401697785207	3.641977310180664	1.6887801885604858						
GSHSMRYFFTSVSRPGRGEPRFIAVGYVDDTQFVRFDSDAASQRMEPRAPWIEQEGPEYWDGETRKVKAHSQTHRVDLGTLRGYYNQSEAGSHTVQRMYGCDVGSDWRFLRGYHQYAYDGKDYIALKEDLRSWTAADMAAQTTKHKWEAAHVAEQLRAYLEGTCVEWLRRYLENGKETLQRTDAP/SLLMWITQV	initial_guess_benchmark/alignment/6RPA_0_with_pep.tsv	6RPA_0/6RPA_0	initial_guess_benchmark/pandora/6RPA_0/no_modelling_output_dict.json	95.30666918644637	3.3573107719421387	97.0256057163134	2.6370315551757812	5.1141180992126465	59.97297385029084	16.296422958374023	5.614718914031982						
GSHSMRYFFTSVSRPGRGEPRFIAVGYVDDTQFVRFDSDAASQRMEPRAPWIEQEGPEYWDGETRKVKAHSQTHRVDLGTLRGYYNQSEAGSHTVQRMYGCDVGSDWRFLRGYHQYAYDGKDYIALKEDLRSWTAADMAAQTTKHKWEAAHVAEQLRAYLEGTCVEWLRRYLENGKETLQRTDAP/YVLDHLIVV	initial_guess_benchmark/alignment/6NCA_0_with_pep.tsv	6NCA_0/6NCA_0	initial_guess_benchmark/pandora/6NCA_0/no_modelling_output_dict.json	94.60870719435789	3.6145334243774414	96.50479104829625	2.797588586807251	6.087795734405518	55.63365019673573	17.80452537536621	6.276488304138184						
GSHSMRYFFTSVSRPGRGEPRFIAVGYVDDTQFVRFDSDAASQRMEPRAPWIEQEGPEYWDGETRKVKAHSQTHRVDLGTLRGYYNQSEAGSHTVQRMYGCDVGSDWRFLRGYHQYAYDGKDYIALKEDLRSWTAADMAAQTTKHKWEAAHVAEQLRAYLEGTCVEWLRRYLENGKETLQRTDAP/RTFSPTYGL	initial_guess_benchmark/alignment/6EWO_0_with_pep.tsv	6EWO_0/6EWO_0	initial_guess_benchmark/pandora/6EWO_0/no_modelling_output_dict.json	95.79364204689364	3.295785427093506	97.04826633676043	2.71557879447937	4.38934850692749	70.00414275518717	14.042647361755371	5.064504146575928						
GSHSLKYFHTSVSRPGRGEPRFISVGYVDDTQFVRFDNDAASPRMVPRAPWMEQEGSEYWDRETRSARDTAQIFRVNLRTLRGYYNQSEAGSHTLQWMHGCELGPDGRFLRGYEQFAYDGKDYLTLNEDLRSWTAVDTAAQISEQKSNDASEAEHQRAYLEDTCVEWLHKYLEKGKETLLHLEPP/RQPAKAPLL	initial_guess_benchmark/alignment/6GH4_0_with_pep.tsv	6GH4_0/6GH4_0	initial_guess_benchmark/pandora/6GH4_0/no_modelling_output_dict.json	95.38413890954503	3.373279333114624	96.50187871867068	2.9418368339538574	4.326382637023926	72.40837616640673	11.244810104370117	4.275814056396484						
GSHSMRYFFTSVSRPGRGEPRFIAVGYVDDTQFVRFDSDAASQRMEPRAPWIEQEGPEYWDGETRKVKAHSQTHRVDLGTLRGYYNQSEAGSHTVQRMYGCDVGSDWRFLRGYHQYAYDGKDYIALKEDLRSWTAADMAAQTTKHKWEAAHVAEQLRAYLEGTCVEWLRRYLENGKETLQRTDAP/KLWAQCVQL	initial_guess_benchmark/alignment/7LG3_0_with_pep.tsv	7LG3_0/7LG3_0	initial_guess_benchmark/pandora/7LG3_0/no_modelling_output_dict.json	96.79772288077683	2.9370763301849365	97.52693355576237	2.6326980590820312	3.3566324710845947	81.80839233940777	8.753934860229492	3.353257179260254						
GSHSMRYFHTSVSRPGRGEPRFITVGYVDDTLFVRFDSDAASPREEPRAPWIEQEGPEYADRETQICKAKAQTDREDLRTLLRYYNQSEAGSHTLQNMYGCDVGPDGRLLRGYHQDAYDGKDYIALNEDLSSWTAADTAAQITQRKWEAARVAEQLRAYLEGECVEWLRRYLENGKETLQRADPP/LRNQSVFNF	initial_guess_benchmark/alignment/6PYW_0_with_pep.tsv	6PYW_0/6PYW_0	initial_guess_benchmark/pandora/6PYW_0/no_modelling_output_dict.json	95.45910294917707	3.328691244125366	97.04079024547916	2.591010570526123	5.332202434539795	62.94664185852256	16.364809036254883	5.873556613922119						
GSHSMRYFYTAMSRPGRGEPRFIAVGYVDDTQFVRFDSDAASPRMAPRAPWIEQEGPEYWDGETRNMKASAQTYRENLRIALRYYNQSEAGSHIIQVMYGCDVGPDGRLLRGHDQSAYDGKDYIALNEDLSSWTAADTAAQITQRKWEAARVAEQLRAYLEGLCVEWLRRYLENGKETLQRADPP/LALLTGVRW	initial_guess_benchmark/alignment/6D2T_0_with_pep.tsv	6D2T_0/6D2T_0	initial_guess_benchmark/pandora/6D2T_0/no_modelling_output_dict.json	96.38941614265036	3.0198163986206055	97.55020526377085	2.494184970855713	3.949948310852051	72.52875087517366	12.810012817382812	4.753072261810303						
GSHSMRYFFTSVSRPGRGEPRFIAVGYVDDTQFVRFDSDAASQRMEPRAPWIEQEGPEYWDGETRKVKAHSQTHRVDLGTLRGYYNQSEAGSHTVQRMYGCDVGSDWRFLRGYHQYAYDGKDYIALKEDLRSWTAADMAAQTTKHKWEAAHVAEQLRAYLEGTCVEWLRRYLENGKETLQRTDAP/MMWDRGLGMM	initial_guess_benchmark/alignment/6AMT_0_with_pep.tsv	6AMT_0/6AMT_0	initial_guess_benchmark/pandora/6AMT_0/no_modelling_output_dict.json	95.32197136487403	3.431154727935791	96.9985501208551	2.6757073402404785	5.288558006286621	64.30526437922413	15.445236206054688	5.360479354858398						
PHSLSYFYTAVSRPDRGDSRFIAVGYVDDTQFVRFDNYAPNPRMEPRVPWIQQEGQDYWDEETRKVKDNAQTYGVGLNTLRGYYNQSEAGSHTLQSMFGCYLGPDGLLLHGYRQDAYDGADYIALNEDLRSWTAADMAAQITKRKWEAANVAERRRSYLQGLCVESLRRYLEMGKDTLQRAEPPK/ESDTVGWSW	initial_guess_benchmark/alignment/6KWO_0_with_pep.tsv	6KWO_0/6KWO_0	initial_guess_benchmark/pandora/6KWO_0/no_modelling_output_dict.json	95.94777212846553	3.170184850692749	96.66405821084881	2.8655548095703125	3.4833261966705322	81.22411376836435	9.116941452026367	3.209944248199463						
GSHSMRYFFTSVSRPGRGEPRFIAVGYVDDTQFVRFDSDAASQRMEPRAPWIEQEGPEYWDGETRKVKAHSQTHRVDLGTLRGYYNQSEAGSHTVQRMYGCDVGSDWRFLRGYHQYAYDGKDYIALKEDLRSWTAADMAAQTTKHKWEAAHVAEQLRAYLEGTCVEWLRRYLENGKETLQRTDAP/EAAGIGILTV	initial_guess_benchmark/alignment/6TMO_0_with_pep.tsv	6TMO_0/6TMO_0	initial_guess_benchmark/pandora/6TMO_0/no_modelling_output_dict.json	94.01563367921788	3.795511484146118	96.2191463393909	2.827854633331299	6.782309055328369	53.25064946601718	18.56003761291504	6.576578140258789						
GSHSMRYFFTSVSRPGRGEPRFIAVGYVDDTQFVRFDSDAASQRMEPRAPWIEQEGPEYWDGETRKVKAHSQTHRVDLGTLRGYYNQSEAGSHTVQRMYGCDVGSDWRFLRGYHQYAYDGKDYIALKEDLRSWTAADMAAQTTKHKWEAAHVAEQLRAYLEGTCVEWLRRYLENGKETLQRTDAP/IIGWMWIPV	initial_guess_benchmark/alignment/6Z9V_0_with_pep.tsv	6Z9V_0/6Z9V_0	initial_guess_benchmark/pandora/6Z9V_0/no_modelling_output_dict.json	96.80890545273877	2.9398605823516846	97.47567682156317	2.6078851222991943	3.313934087753296	83.10304953801518	9.352398872375488	3.7072184085845947						
GSHSMRYFYTAMSRPGRGEPRFITVGYVDDTLFVRFDSDATSPRKEPRAPWIEQEGPEYWDRETQISKTNTQTYRENLRTALRYYNQSEAGSHIIQRMYGCDVGPDGRLLRGYDQYAYDGKDYIALNEDLSSWTAADTAAQITQRKWEAARVAEQDRAYLEGLCVESLRRYLENGKETLQRADPP/FEDLRVLSF	initial_guess_benchmark/alignment/6MTL_0_with_pep.tsv	6MTL_0/6MTL_0	initial_guess_benchmark/pandora/6MTL_0/no_modelling_output_dict.json	95.52598160446483	3.317819356918335	97.16444846361567	2.5501625537872314	5.299074649810791	61.84638505525322	16.990690231323242	5.897006988525391						
MELHTLRYIQTAMTDPGPGQPWFVTVGYVDGELFVHYNSTARRYVPRTEWIAAKADQQYWDGQTQIGQGNEQIDRENLGILQRRYNQTGGSHTVQWMYGCDILEGGPIRGYYQMAYDGRDFTAFDKGTMTFTAAVPEAVPTKRKWEEESEPERWKNYLEETCVEWLRRYVEYGKAELGRRERPEV/AVKGVGTMV	initial_guess_benchmark/alignment/5YMV_0_with_pep.tsv	5YMV_0/5YMV_0	initial_guess_benchmark/pandora/5YMV_0/no_modelling_output_dict.json	95.07038927826423	3.561431407928467	96.72122255152397	2.8502633571624756	5.2384748458862305	61.13659421681444	16.386749267578125	5.947722434997559						
GSHSMRYFSTSVSRPGRGEPRFIAVGYVDDTQFVRFDSDAASQRMEPRAPWIEQEGPEYWDEETGKVKAHSQTDRENLRIALRYYNQSEAGSHTLQMMFGCDVGSDGRFLRGYHQYAYDGKDYIALKEDLRSWTAADMAAQITKRKWEAAHVAEQQRAYLEGTCVDGLRRYLENGKETLQRTDPP/RYPLTFGW	initial_guess_benchmark/alignment/7K80_0_with_pep.tsv	7K80_0/7K80_0	initial_guess_benchmark/pandora/7K80_0/no_modelling_output_dict.json	96.29920137142166	3.0483648777008057	97.30648897191149	2.61419415473938	4.208523273468018	73.00567561009416	11.896607398986816	3.783529758453369						
GSHSMRYFFTSVSRPGRGEPRFIAVGYVDDTQFVRFDSDAASQRMEPRAPWIEQEGPEYWDGETRKVKAHSQTHRVDLGTLRGYYNQSEAGSHTVQRMYGCDVGSDWRFLRGYHQYAYDGKDYIALKEDLRSWTAADMAAQTTKHKWEAAHVAEQLRAYLEGTCVEWLRRYLENGKETLQRTDAP/LLWNGPIAV	initial_guess_benchmark/alignment/6SS8_0_with_pep.tsv	6SS8_0/6SS8_0	initial_guess_benchmark/pandora/6SS8_0/no_modelling_output_dict.json	96.58063551585026	2.9986484050750732	97.52462560129806	2.557274341583252	3.5321199893951416	77.17639487053452	11.467266082763672	4.449859142303467						
SHSLRYFVTAVSRPGFGEPRYMEVGYVDNTEFVRFDSDAENPRYEPRARWIEQEGPEYWERETRRAKGNEQSFRVDLRTALRCYNQSAGGSHTLQWMAGCDVESDGRLLRGYWQFAYDGSDYIALNEDLKTWTAADMCAQITRRKWEQAGAAERDRAYLEGECVEWLRRYLKNGNATLLRTDPPK/RGPGRAFVTI	initial_guess_benchmark/alignment/6NPR_0_with_pep.tsv	6NPR_0/6NPR_0	initial_guess_benchmark/pandora/6NPR_0/no_modelling_output_dict.json	94.00327774348835	3.737520217895508	95.92881822277799	2.874943733215332	5.9965739250183105	58.38077887663094	17.270235061645508	6.806532382965088						
GSHSMRYFFTSVSRPGRGEPRFIAVGYVDDTQFVRFDSDAASQRMEPRAPWIEQEGPEYWDGETRKVKAHSQTHRVDLGTLRGYYNQSEAGSHTVQRMYGCDVGSDWRFLRGYHQYAYDGKDYIALKEDLRSWTAADMAAQTTKHKWEAAHVAEQLRAYLEGTCVEWLRRYLENGKETLQRTDAP/ILLNKHIDA	initial_guess_benchmark/alignment/7KGO_0_with_pep.tsv	7KGO_0/7KGO_0	initial_guess_benchmark/pandora/7KGO_0/no_modelling_output_dict.json	95.8901838224398	3.2227654457092285	97.2728764755133	2.607149839401245	4.371280193328857	67.46816817592901	14.638137817382812	5.081570148468018						
GPHSMRYFETAVSRPGLEEPRYISVGYVDNKEFVRFDSDAENPRYEPRAPWMEQEGPEYWERETQKAKGQEQWFRVSLRNLLGYYNQSAGGSHTLQQMSGCDLGSDWRLLRGYLQFAYEGRDYIALNEDLKTWTAADMAAQITRRKWEQSGAAEHYKAYLEGECVEWLHRYLKNGNATLLRTDSP/KAPYDYAPI	initial_guess_benchmark/alignment/6G9R_0_with_pep.tsv	6G9R_0/6G9R_0	initial_guess_benchmark/pandora/6G9R_0/no_modelling_output_dict.json	94.18634654536505	3.78619384765625	95.15123773660034	3.365997314453125	4.415656089782715	74.35247205886223	11.768036842346191	4.321967124938965						
SHSMRYFYTAVSRPGRGEPRFIAVGYVDDTQFVQFDSDAASPRGEPRAPWVEQEGPEYWDRETQKYKRQAQTDRVNLRKLRGYYNQSEAGSHTLQRMYGCDLGPDGRLLRGYNQFAYDGKDYIALNEDLRSWTAADKAAQITQRKWEAAREAEQRRAYLEGTCVEWLRRYLENGKKTLQRAEHPK/GADGVGKSAL	initial_guess_benchmark/alignment/6JTO_0_with_pep.tsv	6JTO_0/6JTO_0	initial_guess_benchmark/pandora/6JTO_0/no_modelling_output_dict.json	93.46811054830253	4.035253047943115	95.22153748156471	3.2962520122528076	5.446535110473633	61.02971228295286	16.18998908996582	5.98726749420166						
GSHSMRYFHTSVSRPGRGEPRFITVGYVDDTLFVRFDSDAASPREEPRAPWIEQEGPEHWDRETQICKAKAQTDREDLRTLLRYYNQSEAGSHTLQNMYGCDVGPDGRLLRGYHQDAYDGKDYIALNEDLSSWTAADTAAQITQRKWEAARVAEQLRAYLEGECVEWLRRYLENGKETLQRADPP/KRWIILGLNK	initial_guess_benchmark/alignment/6PYL_0_with_pep.tsv	6PYL_0/6PYL_0	initial_guess_benchmark/pandora/6PYL_0/no_modelling_output_dict.json	95.81791382502169	3.1193625926971436	97.32476969295574	2.538947343826294	4.150411605834961	67.94108026824252	12.723676681518555	5.012228012084961						
GSHSMRYFYTAMSRPGRGEPRFIAVGYVDDTQFVRFDSDAASPRMAPRAPWIEQEGPEYWDGETRNMKASAQTYRENLRIALRYYNQSEAGSHIIQVMYGCDVGPDGRLLRGHNQYAYDGKDYIALNEDLSSWTAADTAAQITQRKWEAARVAEQLRAYLEGLCVEWLRRYLENGKETLQRADPP/ASLNLPAVSW	initial_guess_benchmark/alignment/6V2P_0_with_pep.tsv	6V2P_0/6V2P_0	initial_guess_benchmark/pandora/6V2P_0/no_modelling_output_dict.json	94.59594876280119	3.4858038425445557	96.64734756031315	2.5833771228790283	5.9325737953186035	56.645071008830165	17.566688537597656	6.579705715179443						
SHSMRYFYTAVSRPGRGEPRFIAVGYVDDTQFVQFDSDAASPRGEPRAPWVEQEGPEYWDRETQKYKRQAQTDRVSLRNLRGYYNQSEAGSHTLQRMYGCDLGPDGRLLRGYNQFAYDGKDYIALNEDLRSWTAADKAAQITQRKWEAAREAEQRRAYLEGTCVEWLRRYLENGKKTLQRAEHPK/GADGVGKSAL	initial_guess_benchmark/alignment/6JTN_0_with_pep.tsv	6JTN_0/6JTN_0	initial_guess_benchmark/pandora/6JTN_0/no_modelling_output_dict.json	93.99279322254309	3.7761101722717285	96.21672645983226	2.8568673133850098	6.232327461242676	52.85002833269353	18.168184280395508	6.693575859069824						
GSHSMRYFDTAMSRPGRGEPRFISVGYVDDTQFVRFDSDAASPRMEPRAPWIEQEGPEYWDRNTQIFKTNTQTDRESLRNLRGYYNQSEAGSHTLQSMYGCDVGPDGRLLRGHNQYAYDGKDYIALNEDLRSWTAADTAAQITQRKWEAARVAEQDRAYLEGTCVEWLRRYLENGKDTLERADPP/ELRSRYWAI	initial_guess_benchmark/alignment/5WMQ_0_with_pep.tsv	5WMQ_0/5WMQ_0	initial_guess_benchmark/pandora/5WMQ_0/no_modelling_output_dict.json	93.92818481603447	3.81754994392395	95.16152798877424	3.29010272026062	5.118168354034424	68.57613070971719	13.30330753326416	4.960136890411377						
GSHSMRYFYTAMSRPGRGEPRFIAVGYVDDTQFVRFDSDAASPRMAPRAPWIEQEGPEYWDGETRNMKASAQTYRENLRIALRYYNQSEAGSHIIQVMYGCDVGPDGRLLRGHDQSAYDGKDYIALNEDLSSWTAADTAAQITQRKWEAARVAEQLRAYLEGLCVEWLRRYLENGKETLQRADPP/LTVQVARVW	initial_guess_benchmark/alignment/5VUE_0_with_pep.tsv	5VUE_0/5VUE_0	initial_guess_benchmark/pandora/5VUE_0/no_modelling_output_dict.json	94.78559435918822	3.4926376342773438	96.65631981169221	2.624175786972046	5.9393415451049805	56.33179339105058	18.751052856445312	6.505796909332275						
GSHSMRYFFTSVSRPGRGEPRFIAVGYVDDTQFVRFDSDAASQRMEPRAPWIEQEGPEYWDGETRKVKAHSQTHRVDLGTLRGCYNQSEAGSHTVQRMYGCDVGSDWRFLRGYHQYAYDGKDYIALKEDLRSWTAADMCAQTTKHKWEAAHVAEQLRAYLEGTCVEWLRRYLENGKETLQRTDAP/SLLMWITQV	initial_guess_benchmark/alignment/6Q3S_0_with_pep.tsv	6Q3S_0/6Q3S_0	initial_guess_benchmark/pandora/6Q3S_0/no_modelling_output_dict.json	95.19770825197406	3.4575583934783936	96.71289095475167	2.771047353744507	4.817455768585205	64.052286028212	16.110382080078125	5.490400791168213						
SHSMRYFDTAVSRPGRGEPRFISVGYVDDTQFVRFDSDAASPRGEPRAPWVEQEGPEYWDRETQKYKRQAQADRVSLRNLRGYYNQSEDGSHTLQRMSGCDLGPDGRLLRGYDQSAYDGKDYIALNEDLRSWTAADTAAQITQRKLEAARAAEQLRAYLEGTCVEWLRRYLENGKETLQRAEPPK/RYRPGTVAL	initial_guess_benchmark/alignment/6PAG_0_with_pep.tsv	6PAG_0/6PAG_0	initial_guess_benchmark/pandora/6PAG_0/no_modelling_output_dict.json	94.91116746639115	3.57938289642334	96.004248265764	3.091740131378174	4.491221904754639	72.44228436817113	12.645485877990723	4.521501541137695						
ELHTLRYISTAMTDPGPGQPWYVDVGYVDGELFTHYNSTARRAVPRTEWIAANTDQQYWDSETQTSQRTEQIDRDGLGTLQRRYNQTGGSHTVQLMYGCDILEDGTIRGYSQDAYDGRDFIAFDKDTMTFTAAVPEAVPTKRKWEEGDYAEGLKQYLEETCVEWLRRYVEYGKAELGRRERPEVR/RRREQTDY	initial_guess_benchmark/alignment/6LHF_0_with_pep.tsv	6LHF_0/6LHF_0	initial_guess_benchmark/pandora/6LHF_0/no_modelling_output_dict.json	95.76763243929945	3.4820826053619385	96.78411549521186	3.0385608673095703	4.387453556060791	72.2614617713248	12.7860746383667	4.57082462310791						
GSHSMRYFHTSVSRPGRGEPRFITVGYVDDTLFVRFDSDAASPREEPRAPWIEQEGPEYWDRETQICKAKAQTDREDLRTLLRYYNQSEAGSHTLQNMYGCDVGPDGRLLRGYHQDAYDGKDYIALNEDLSSWTAADTAAQITQRKWEAARVAEQLRAYLEGECVEWLRRYLENGKETLQRADPP/KRWIILGLNKI	initial_guess_benchmark/alignment/6VPZ_0_with_pep.tsv	6VPZ_0/6VPZ_0	initial_guess_benchmark/pandora/6VPZ_0/no_modelling_output_dict.json	93.75739871733828	3.9222962856292725	96.58029358635588	2.5640504360198975	9.093310356140137	46.281439556588005	21.401470184326172	7.168973445892334						
GPHSLRYFVTAVSRPGLGEPRYMEVGYVDDTEFVRFDSDAENPRYEPRARWMEQEGPEYWERETQKAKGNEQSFRVDLRTLLGYYNQSKGGSHTIQVISGCEVGSDGRLLRGYQQYAYDGCDYIALNEDLKTWTAADMAALITKHKWEQAGEAERLRAYLEGTCVEWLRRYLKNGNATLLRTDSP/SIIQFEHL	initial_guess_benchmark/alignment/7JI2_0_with_pep.tsv	7JI2_0/7JI2_0	initial_guess_benchmark/pandora/7JI2_0/no_modelling_output_dict.json	94.72975979206501	3.540605068206787	96.31509394297998	2.8864269256591797	5.052444934844971	58.06890755215676	17.06782341003418	5.594360828399658						
GSHSMRYFFTSVSRPGRGEPRFIAVGYVDDTQFVRFDSDAASQRMEPRAPWIEQEGPEYWDGETRKVKAHSQTHRVDLGTLRGYYNQSEAGSHTVQRMYGCDVGSDWRFLRGYHQYAYDGKDYIALKEDLRSWTAADMAAQTTKHKWEAAHVAEQLRAYLEGTCVEWLRRYLENGKETLQRTDAP/ITSGIGVLPV	initial_guess_benchmark/alignment/6G3K_0_with_pep.tsv	6G3K_0/6G3K_0	initial_guess_benchmark/pandora/6G3K_0/no_modelling_output_dict.json	95.32008570851794	3.3885600566864014	96.79696896950529	2.748544931411743	4.452636241912842	67.99774538025197	14.054627418518066	5.426198959350586						
GSHSMRYFHTSVSRPGRGEPRFITVGYVDDTLFVRFDSDAASPREEPRAPWIEQEGPEYWDRETQICKAKAQTDREDLRTLLRYYNQSEAGSHTLQNMYGCDVGPDGRLLRGYHQHAYDGKDYIALNEDLSSWTAADTAAQITQRKWEAARVAEQLRAYLEGECVEWLRRYLENGKETLQRADPP/GRLNQPIKV	initial_guess_benchmark/alignment/6Y2B_0_with_pep.tsv	6Y2B_0/6Y2B_0	initial_guess_benchmark/pandora/6Y2B_0/no_modelling_output_dict.json	96.10702347351247	3.0896973609924316	97.41145126809315	2.5066702365875244	4.5129804611206055	69.29378547379886	13.549577713012695	5.171512603759766						
GSHSMRYFFTSVSRPGRGEPRFIAVGYVDDTQFVRFDSDAASQRMEPRAPWIEQEGPEYWDGETRKVKAHSQTHRVDLGTLRGYYNQSEAGSHTVQRMYGCDVGSDWRFLRGYHQYAYDGKDYIALKEDLRSWTAADMAAQTTKHKWEAAHVAEQLRAYLEGTCVEWLRRYLENGKETLQRTDAP/ILNAMIVKI	initial_guess_benchmark/alignment/6OPD_0_with_pep.tsv	6OPD_0/6OPD_0	initial_guess_benchmark/pandora/6OPD_0/no_modelling_output_dict.json	96.13534325501367	3.134671926498413	97.21164069946913	2.6657142639160156	4.022150039672852	74.01145134120674	11.850380897521973	3.885024070739746						
SGSHSMRYFFTSVSRPGRGEPRFIAVGYVDDTQFVRFDSDAASQRMEPRAPWIEQEGPEYWDQETRNVKAQSQTDRVDLGTLRGYYNQSEAGSHTIQIMYGCDVGSDGRFLRGYRQDAYDGKDYIALNEDLRSWTAADMAAQITKRKWEAAHEAEQLRAYLDGTCVEWLRRYLENGKETLQRTDP/TTAPSLSGK	initial_guess_benchmark/alignment/6O9B_0_with_pep.tsv	6O9B_0/6O9B_0	initial_guess_benchmark/pandora/6O9B_0/no_modelling_output_dict.json	96.13082579386128	3.171049118041992	96.8892439921355	2.8401105403900146	3.709882974624634	80.54111838489108	9.406890869140625	3.745588541030884						
GSHSMRYFFTSVSRPGRGEPRFIAVGYVDDTQFVRFDSDAASQRMEPRAPWIEQEGPEYWDGETRKVKAHSQTHRVDLGTLRGYYNQSEAGSHTVQRMYGCDVGSDWRFLRGYHQYAYDGKDYIALKEDLRSWTAADMAAQTTKHKWEAAHVAEQLRAYLEGTCVEWLRRYLENGKETLQRTDAP/ILNAMITKI	initial_guess_benchmark/alignment/6PTE_0_with_pep.tsv	6PTE_0/6PTE_0	initial_guess_benchmark/pandora/6PTE_0/no_modelling_output_dict.json	95.92431372637247	3.166455030441284	97.11502952470661	2.654620885848999	4.090263366699219	71.44848898283703	12.701529502868652	4.444311141967773						
GSHSMRYFYTSVSRPGRGEPRFIAVGYVDDTQFVRFDSDAASQRMEPRAPWIEQEGPEYWDQETRNVKAQSQTDRVDLGTLRGYYNQSEDGSHTIQIMYGCDVGPDGRFLRGYRQDAYDGKDYIALNEDLRSWTAADMAAQITKRKWEAAHAAEQQRAYLEGRCVEWLRRYLENGKETLQRTDPP/AIFQSSMTK	initial_guess_benchmark/alignment/6ID4_0_with_pep.tsv	6ID4_0/6ID4_0	initial_guess_benchmark/pandora/6ID4_0/no_modelling_output_dict.json	95.9485304543516	3.1870193481445312	97.28790096151023	2.5722665786743164	4.4579973220825195	68.41702558497948	14.418883323669434	5.936113357543945						
VADHVASYGVNLYQSYGPSGQFTHEFDGDEEFYVDLERKETVWKLPLFHRLRFDPQFALTNIAVLKHNLNILIKRSNSTAATNEVPEVTVFSKSP/SPEDFVYQFKGMCYFTNGTERVRLVSRSIYNREEIVRFDSDVGEFRAVTLLGLPAAEYWNSQKDILERKRAAVDRVCRHNYQLELRTTLQRRVEP/APFSEQEQPVLG	initial_guess_benchmark/alignment/6PX6_0_with_pep.tsv	6PX6_0/6PX6_0	initial_guess_benchmark/pandora/6PX6_0/no_modelling_output_dict.json	96.9431069165295	3.258368968963623	96.57434383140517	3.3431129455566406	3.795417308807373	97.48747458383087	3.147179126739502	2.5823676586151123	3.667086362838745	2.6756322383880615	95.55290397429468	4.2703657150268555	3.8335750102996826	2.4367706775665283
GSHSMRYFFTSVSRPGRGEPRFIAVGYVDDTQFVRFDSDAASQRMEPRAPWIEQEGPEYWDGETRKVKAHSQTHRVDLGTLRGYYNQSEAGSHTVQRMYGCDVGSDWRFLRGYHQYAYDGKDYIALKEDLRSWTAADMAAQTTKHKWEAAHVAEQLRAYLEGTCVEWLRRYLENGKETLQRTDAP/ILDQVPFSV	initial_guess_benchmark/alignment/6VMC_0_with_pep.tsv	6VMC_0/6VMC_0	initial_guess_benchmark/pandora/6VMC_0/no_modelling_output_dict.json	96.6419980012332	2.985086679458618	97.47757541043224	2.590785026550293	3.5283608436584473	79.46624014547564	10.508329391479492	3.7779834270477295						
DIVADHVASCGVNLYQFYGPSGQYTHEFDGDEQFYVDLERKETAWRWPEFSKFGGFDPQGALRNMAVAKHNLNIMIKRYNSTAATNEVPEVTVFS/SPEDFVFQFKGMCYFTNGTERVRLVTRYIYNREEYARFDSDVGVYRAVTPQGRPDAEYWNSQKEVLEGTRAELDTVCRHNYEVAFRGILQRRVEP/AGNHAAGILTLGK	initial_guess_benchmark/alignment/6DIG_0_with_pep.tsv	6DIG_0/6DIG_0	initial_guess_benchmark/pandora/6DIG_0/no_modelling_output_dict.json	95.96801713697243	3.336982011795044	96.42555097796384	2.9842607975006104	3.46940016746521	97.4173120025315	2.8434464931488037	2.381592035293579	3.9723360538482666	3.245882511138916	82.03349966602636	9.16839599609375	8.893802642822266	5.27876091003418
IVADHVASYGVNLYQSYGPSGQYTHEFDGDEQFYVDLGRKETVWCLPVLRQFRFDPQFALTNIAVLKHNLNSLIKRSNSTAATNEVPEVTVFSKS/SPEDFVYQFKGMCYFTNGTERVRLVSRSIYNREEIVRFDSDVGEFRAVTLLGLPAAEYWNSQKDILERKRAAVDRVCRHNYQLELRTTLQRRVEP/QPFPQPELPYP	initial_guess_benchmark/alignment/6MFG_0_with_pep.tsv	6MFG_0/6MFG_0	initial_guess_benchmark/pandora/6MFG_0/no_modelling_output_dict.json	95.36487730080555	3.5430102348327637	96.27289233550448	3.0166454315185547	3.5826027393341064	96.49214442077674	3.295776605606079	2.7275400161743164	4.684996604919434	4.03993558883667	77.78744051047244	9.589715957641602	9.145947456359863	4.348724842071533
IKEEHVIIQAEFYLNPDQSGEFMFDFDGDEIFHVDMAKKETVWRLEEFGRFASFEAQGALANIAVDKANLEIMTKRSNYTPITNVPPEVTVLTNS/DTRPRFLEYSTSECHFFNGTERVRFLDRYFYNQEEYVRFDSDVGEFRAVTELGRPDEEYWNSQKDFLEDRRAAVDTYCRHNYGVGESFTVQRRVH/RFYKTLRAEQASQ	initial_guess_benchmark/alignment/6CPN_0_with_pep.tsv	6CPN_0/6CPN_0	initial_guess_benchmark/pandora/6CPN_0/no_modelling_output_dict.json	96.80233407534638	3.1452548503875732	96.88625916088203	3.0832996368408203	3.4838523864746094	97.45410580150454	2.88374400138855	2.401949405670166	3.5761711597442627	2.7550346851348877	91.42608814373772	5.958728313446045	5.595188140869141	3.270658016204834
IVADHVASYGVNLYQSYGPSGQYTHEFDGDEQFYVDLGRKETVWCLPVLRQFRFDPQFALTNIAVLKHNLNSLIKRSNSTAATNEVPEVTVFSKS/SPEDFVYQFKGMCYFTNGTERVRLVSRSIYNREEIVRFDSDVGEFRAVTLLGLPAAEYWNSQKDILERKRAAVDRVCRHNYQLELRTTLQRRVEP/QPFPQPEQPFP	initial_guess_benchmark/alignment/6MFF_0_with_pep.tsv	6MFF_0/6MFF_0	initial_guess_benchmark/pandora/6MFF_0/no_modelling_output_dict.json	94.59925944355227	3.7796311378479004	95.78110230155916	3.063314914703369	3.656355142593384	96.02485934655732	3.3384180068969727	2.7637264728546143	5.456294059753418	4.869024753570557	72.08043559844877	12.387314796447754	12.063780784606934	5.311246395111084
EHVIIQAEFYLNPDQSGEFMFDFDGDEIFHVDMAKKETVWRLEEFGRFASFEAQGALANIAVDKANLEIMTKRSNYTPITNVPPEVTVLTNSPVE/GDTRPRFLEYSTSECHFFNGTERVRFLDRYFYNQEEYVRFDSDVGEFRAVTELGRPDEEYWNSQKDFLEDRRAAVDTYCRHNYGVGESFTVQRRV/RFYKTLRAEQASQ	initial_guess_benchmark/alignment/6CQL_0_with_pep.tsv	6CQL_0/6CQL_0	initial_guess_benchmark/pandora/6CQL_0/no_modelling_output_dict.json	96.99823949015018	3.136202335357666	97.52879403278818	2.8127989768981934	3.2430648803710938	97.28929533035483	3.0789506435394287	2.6011464595794678	3.3855679035186768	2.9722461700439453	90.99416361553016	6.268105983734131	5.789307594299316	3.431473731994629
IEADHVGTYGISVYQSPGDIGQYTFEFDGDELFYVDLDKKETVWMLPEFGQLASFDPQGGLQNIAVVKHNLGVLTKRSNSTPATNEAPQATVFPK/ERHFVYQFMGECYFTNGTQRIRYVTRYIYNREEYVRYDSDVGEHRAVTELGRPDAEYWNSQPEILERTRAELDTVCRHNYEGPETHTSLRRLEQP/RVSYYGPKTSPVQ	initial_guess_benchmark/alignment/6MNO_0_with_pep.tsv	6MNO_0/6MNO_0	initial_guess_benchmark/pandora/6MNO_0/no_modelling_output_dict.json	96.97325505312612	3.0243191719055176	97.32309703953098	2.746694803237915	3.193657875061035	97.6317782381654	2.916307210922241	2.4276928901672363	3.3409507274627686	2.8594346046447754	89.60443264641847	6.0616774559021	5.702767372131348	3.5580661296844482
KEEHVIIQAEFYLNPDQSGEFMFDFDGDEIFHVDMAKKETVWRLEEFGRFASFEAQGALANIAVDKANLEIMTKRSNYTPITNVPPEVTVLTNSP/RPRFLEYSTSECHFFNGTERVRYLDRYFHNQEENVRFDSDVGEFRAVTELGRPDAEYWNSQKDLLEQKRGRVDNYCRHNYGVVESFTVQRRVHPK/GGIGSDNKVTRRG	initial_guess_benchmark/alignment/7N19_0_with_pep.tsv	7N19_0/7N19_0	initial_guess_benchmark/pandora/7N19_0/no_modelling_output_dict.json	96.23139991350804	3.329177141189575	96.99233933525025	2.9088547229766846	3.350121259689331	96.85708808264472	3.1147806644439697	2.5190296173095703	3.747096061706543	3.3033981323242188	86.09835213400846	8.585944175720215	7.913548469543457	4.588407039642334
IVADHVASYGVNLYQSYGPSGQFTHEFDGDEEFYVDLERKETVWKLPLFHRLRFDPQFALTNIAVLKHNLNILIKRSNSTAATNEVPEVTVFSKS/SPEDFVYQFKGMCYFTNGTERVRLVSRSIYNREEIVRFDSDVGEFRAVTLLGLPAAEYWNSQKDILERKRAAVDRVCRHNYQLELRTTLQRRVEP/APFSEQEQPVLG	initial_guess_benchmark/alignment/6PY2_0_with_pep.tsv	6PY2_0/6PY2_0	initial_guess_benchmark/pandora/6PY2_0/no_modelling_output_dict.json	96.58098670755952	3.40301775932312	96.04470370254803	3.5629193782806396	4.019092559814453	97.32725156477443	3.2011375427246094	2.6310248374938965	3.8919360637664795	2.761552095413208	94.91863037761574	4.567038536071777	4.065826416015625	2.5511136054992676
DIEADHVGFYGTTVYQSPGDIGQYTHEFDGDELFYVDLDKKKTVWRLPEFGQLILFEPQGGLQCIAAEKHNLGILTKRSNFTPATNEAPQATVFP/RHFVHQFKGECYFTNGTQRIRLVTRYIYNREEYLRFDSDVGEYRAVTELGRHSAEYYNKQYLERTRAELDTACRHNYEETEVPTSLRRLEQPNVC/LVERLYLVCGEEGA	initial_guess_benchmark/alignment/6DFS_0_with_pep.tsv	6DFS_0/6DFS_0	initial_guess_benchmark/pandora/6DFS_0/no_modelling_output_dict.json	94.8021623201534	3.7774980068206787	96.32560786635374	2.9176247119903564	3.4354288578033447	96.44355867931968	3.235787868499756	2.7865283489227295	4.932379722595215	4.63966178894043	73.32644939087994	12.097005844116211	11.439780235290527	7.56077241897583
EEHVIIQAEFYLNPDQSGEFMFDFDGDEIFHVDMAKKETVWRLEEFGRFASFEAQGALANIAVDKANLEIMTKRSNYTPITNVPPEVTVLTNSPV/GDTRPRFLWQLKFECHFFNGTERVRLLERCIYNQEESVRFDSDVGEYRAVTELGRPDAEYWNSQKDLLEQRRAAVDTYCRHNYGVGESFTVQRRV/RFYKTLRAEQASQ	initial_guess_benchmark/alignment/6CQR_0_with_pep.tsv	6CQR_0/6CQR_0	initial_guess_benchmark/pandora/6CQR_0/no_modelling_output_dict.json	96.51568939917507	3.2874596118927	96.98295404913002	3.050950527191162	3.4974594116210938	97.08427807802512	3.143186569213867	2.577406644821167	3.7081315517425537	3.0506033897399902	88.94599199636924	6.663232326507568	6.117547988891602	3.6322643756866455
IEADHVGTYGISVYQSPGDIGQYTFEFDGDELFYVDLDKKETVWMLPEFGQLASFDPQGGLQNIAVVKHNLGVLTKRSNSTPATNEAPQATVFPK/ERHFVYQFMGECYFTNGTQRIRYVTRYIYNREEYVRYDSDVGEHRAVTELGRPDAEYWNSQPEILERTRAELDTVCRHNYEGPETHTSLRRLEQP/RVSYYGPKTSPVQ	initial_guess_benchmark/alignment/6MKD_0_with_pep.tsv	6MKD_0/6MKD_0	initial_guess_benchmark/pandora/6MKD_0/no_modelling_output_dict.json	97.00721712010261	2.9970147609710693	97.40935755768177	2.700430393218994	3.137732744216919	97.69766346197083	2.883258104324341	2.399850845336914	3.3260090351104736	2.852238655090332	89.02292911644851	6.22066593170166	5.834574222564697	3.645752429962158
IVADHVASYGVNLYQSYGPSGQYTHEFDGDEQFYVDLGRKETVWSLPVLRQFRFDPQFALTNIAVLKHNLNSLIKRSNSTAATNEVPEVTVFSKS/SPEDFVYQFKGMCYFTNGTERVRLVSRSIYNREEIVRFDSDVGEFRAVTLLGLPAAEYWNSQKDILERKRAAVDRVCRHNYQLELRTTLQRRVEP/APMPMPELPYP	initial_guess_benchmark/alignment/6U3N_0_with_pep.tsv	6U3N_0/6U3N_0	initial_guess_benchmark/pandora/6U3N_0/no_modelling_output_dict.json	95.6503019747063	3.4544262886047363	96.39256469080382	2.966449022293091	3.4819843769073486	96.63680814597541	3.1877260208129883	2.648653268814087	4.374432563781738	3.807494878768921	80.72002522017546	9.709346771240234	9.087041854858398	4.128147125244141
EEHVIIQAEFYLNPDQSGEFMFDFDGDEIFHVDMAKKETVWRLEEFGRFASFEAQGALANIAVDKANLEIMTKRSNYTPITNVPPEVTVLTNSPV/MGDTRPRFLWQLKFECHFFNGTERVRLLERCIYNQEESVRFDSDVGEYRAVTELGRPDAEYWNSQKDLLEQRRAAVDTYCRHNYGVGESFTVQRR/ARRPPLAELAALNLSGSRL	initial_guess_benchmark/alignment/6HBY_0_with_pep.tsv	6HBY_0/6HBY_0	initial_guess_benchmark/pandora/6HBY_0/no_modelling_output_dict.json	94.0640107517474	4.3273725509643555	96.2340350957144	3.188361644744873	3.6831681728363037	96.23484377742302	3.410214424133301	2.8588643074035645	6.148717880249023	5.746531963348389	72.3597239035344	12.917957305908203	12.395095825195312	9.055350303649902
DIEADHVGFYGTTVYQSPGDIGQYTHEFDGDELFYVDLDKKKTVWRLPEFGQLILFEPQGGLQNIAAEKHNLGILTKRSNFTPATNEAPQATVFP/ERHFVHQFKGECYFTNGTQRIRLVTRYIYNREEYLRFDSDVGEYRAVTELGRHSAEYYNKQYLERTRAELDTACRHNYEETEVPTSLRRLEQPNV/LVERLYLVCGGEG	initial_guess_benchmark/alignment/6DFW_0_with_pep.tsv	6DFW_0/6DFW_0	initial_guess_benchmark/pandora/6DFW_0/no_modelling_output_dict.json	95.98533460402484	3.447521686553955	96.69230095388765	2.9212758541107178	3.396090507507324	97.37122731010551	2.964421033859253	2.5292882919311523	4.202829837799072	3.668577194213867	80.69136457982215	10.241789817810059	9.847283363342285	5.578557968139648
EHVIIQAEFYLNPDQSGEFMFDFDGDEIFHVDMAKKETVWRLEEFGRFASFEAQGALANIAVDKANLEIMTKRSNYTPITNVPPEVTVLTNSPVE/DTRPRFLWQPKRECHFFNGTERVRFLDRYFYNQEESVRFDSDVGEFRAVTELGRPDAEYWNSQKDILEQARAAVDTYCRHNYGVGESFTVQRRVQ/RFYKTLRAEQASQ	initial_guess_benchmark/alignment/6CPO_0_with_pep.tsv	6CPO_0/6CPO_0	initial_guess_benchmark/pandora/6CPO_0/no_modelling_output_dict.json	94.72149485375067	3.874286413192749	96.93265261360705	2.880046844482422	3.3505876064300537	96.86972594081553	3.117672920227051	2.4700748920440674	6.4883012771606445	6.15324068069458	62.864422510864344	14.857464790344238	14.453194618225098	7.003578186035156
IEADHVGTYGISVYQSPGDIGQYTFEFDGDELFYVDLDKKETVWMLPEFGQLASFDPQGGLQNIAVVKHNLGVLTKRSNSTPATNEAPQATVFPK/ERHFVYQFMGECYFTNGTQRIRYVTRYIYNREEYVRYDSDVGEHRAVTELGRPDAEYWNSQPEILERTRAELDTVCRHNYEGPETHTSLRRLEQP/RVSYYGPKTSPVQ	initial_guess_benchmark/alignment/6MKR_0_with_pep.tsv	6MKR_0/6MKR_0	initial_guess_benchmark/pandora/6MKR_0/no_modelling_output_dict.json	97.01843464752753	3.0030980110168457	97.4000662752581	2.7134768962860107	3.153472423553467	97.67682692686786	2.8916451930999756	2.4119484424591064	3.316840648651123	2.8458733558654785	89.4182599420091	6.144115924835205	5.774239540100098	3.611849546432495
IEADHVGTYGISVYQSPGDIGQYTFEFDGDELFYVDLDKKETVWMLPEFGQLASFDPQGGLQNIAVVKHNLGVLTKRSNSTPATNEAPQATVFPK/ERHFVYQFMGECYFTNGTQRIRYVTRYIYNREEYVRYDSDVGEHRAVTELGRPDAEYWNSQPEILERTRAELDTVCRHNYEGPETHTSLRRLEQP/RVSYYGPKTSPVQ	initial_guess_benchmark/alignment/6MNN_0_with_pep.tsv	6MNN_0/6MNN_0	initial_guess_benchmark/pandora/6MNN_0/no_modelling_output_dict.json	97.02568680247826	3.003148078918457	97.33279123930032	2.7463929653167725	3.188746213912964	97.72679915077993	2.876757860183716	2.388458728790283	3.340010643005371	2.8167967796325684	89.65794875734345	6.049166679382324	5.66774320602417	3.547179698944092
EHVIIQAEFYLNPDQSGEFMFDFDGDEIFHVDMAKKETVWRLEEFGRFASFEAQGALANIAVDKANLEIMTKRSNYTPITNVPPEVTVLTNSPVE/DTRPRFLEQVKHECHFFNGTERVRFLDRYFYHQEEYVRFDSDVGEYRAVTELGRPDAEYWNSQKDLLEQKRAAVDTYCRHNYGVGESFTVQRRVY/AGFKGEQGPKGEP	initial_guess_benchmark/alignment/6NIX_0_with_pep.tsv	6NIX_0/6NIX_0	initial_guess_benchmark/pandora/6NIX_0/no_modelling_output_dict.json	96.41554124736594	3.3307924270629883	96.990502290459	3.005563497543335	3.494774103164673	97.02288513147109	3.166172981262207	2.57794451713562	3.740090847015381	3.1133596897125244	87.7756206255326	7.34340763092041	6.927698612213135	3.9265453815460205
AIEADHVGTYGISVYQSPGDIGQYTFEFDGDELFYVDLDKKETVWMLPEFGQLASFDPQGGLQNIAVVKHNLGVLTKRSNSTPATNEAPQATVFP/ERHFVYQFMGECYFTNGTQRIRYVTRYIYNREEYVRYDSDVGEHRAVTELGRPDAEYWNSQPEILERTRAELDTVCRHNYEGPETHTSLRRLEQP/RVSYYGPKTSPVQ	initial_guess_benchmark/alignment/6MNM_0_with_pep.tsv	6MNM_0/6MNM_0	initial_guess_benchmark/pandora/6MNM_0/no_modelling_output_dict.json	96.67804640743213	3.1122887134552	96.92159544738874	2.922318458557129	3.3035972118377686	97.58368819406283	2.917400360107422	2.42836594581604	3.563021183013916	2.9383742809295654	88.28011344390937	6.333118438720703	5.946993827819824	3.696549415588379
EEHVIIQAEFYLNPDQSGEFMFDFDGDEIFHVDMAKKETVWRLEEFGRFASFEAQGALANIAVDKANLEIMTKRSNYTPITNVPPEVTVLTNSPV/DTRPRFLWQLKFECHFFNGTERVRLLERCIYNQEESVRFDSDVGEYRAVTELGRPDAEYWNSQKDLLEQRRAAVDTYCRHNYGVGESFTVQRRVE/RFYKTLRAEQASQ	initial_guess_benchmark/alignment/6CQJ_0_with_pep.tsv	6CQJ_0/6CQJ_0	initial_guess_benchmark/pandora/6CQJ_0/no_modelling_output_dict.json	96.4887601394376	3.311631679534912	96.80001517639182	3.151535987854004	3.5998775959014893	97.14647173861565	3.124812126159668	2.545687675476074	3.804814338684082	2.9987332820892334	89.4078501061637	6.463204860687256	5.973191738128662	3.549955368041992
KEEHVIIQAEFYLNPDQSGEFMFDFDGDEIFHVDMAKKETVWRLEEFGRFASFEAQGALANIAVDKANLEIMTKRSNYTPITNVPPEVTVLTNSP/DTRPRFLEQVKHECHFFNGTERVRFLDRYFYHQEEYVRFDSDVGEYRAVTELGRPDAEYWNSQKDLLEQKRAAVDTYCRHNYGVGESFTVQRRVY/KRIAKAVNEKSCNC	initial_guess_benchmark/alignment/5NI9_0_with_pep.tsv	5NI9_0/5NI9_0	initial_guess_benchmark/pandora/5NI9_0/no_modelling_output_dict.json	95.45638928636842	3.649508237838745	96.27101586578948	3.21540904045105	3.7380971908569336	96.44158160536954	3.245628833770752	2.665243625640869	4.58707857131958	3.794961929321289	83.24333247564643	9.170928955078125	8.566346168518066	5.297088623046875
