NHP00813|Patr-DPB1*01:07|259|NHP00813|Patr-DPB1*01:07|259|bp|NHP00813|Patr-DPB1*01:07|259|NHP00813|Patr-DPB1*01:07|259|bp	NHP00813|Patr-DPB1*01:07|259|NHP00813|Patr-DPB1*01:07|259|bp|NHP00813|Patr-DPB1*01:07|259|NHP00813|Patr-DPB1*01:07|259|bp
NHP00813|Patr-DPB1*01:07|259|NHP00813|Patr-DPB1*01:07|259|bp|NHP00813|Patr-DPB1*01:07|259|NHP00813|Patr-DPB1*01:07|259|bp	NHP00813|Patr-DPB1*01:07|259|NHP00813|Patr-DPB1*01:07|259|bp
NHP00813|Patr-DPB1*01:07|259|NHP00813|Patr-DPB1*01:07|259|bp|NHP00813|Patr-DPB1*01:07|259|NHP00813|Patr-DPB1*01:07|259|bp	NHP00824|Patr-DPB1*01:13:01|259|NHP00824|Patr-DPB1*01:13:01|259|bp
NHP00813|Patr-DPB1*01:07|259|NHP00813|Patr-DPB1*01:07|259|bp|NHP00813|Patr-DPB1*01:07|259|NHP00813|Patr-DPB1*01:07|259|bp	NHP09830|Patr-DPB1*01:13:02|258|NHP09830|Patr-DPB1*01:13:02|258|bp
NHP00813|Patr-DPB1*01:07|259|NHP00813|Patr-DPB1*01:07|259|bp|NHP00813|Patr-DPB1*01:07|259|NHP00813|Patr-DPB1*01:07|259|bp	NHP08841|Patr-DPB1*01:17|259|NHP08841|Patr-DPB1*01:17|259|bp
NHP00813|Patr-DPB1*01:07|259|NHP00813|Patr-DPB1*01:07|259|bp|NHP00813|Patr-DPB1*01:07|259|NHP00813|Patr-DPB1*01:07|259|bp	NHP08842|Patr-DPB1*01:18|258|NHP08842|Patr-DPB1*01:18|258|bp
NHP00813|Patr-DPB1*01:07|259|NHP00813|Patr-DPB1*01:07|259|bp|NHP00813|Patr-DPB1*01:07|259|NHP00813|Patr-DPB1*01:07|259|bp	NHP09831|Patr-DPB1*01:19|258|NHP09831|Patr-DPB1*01:19|258|bp
NHP00810|Patr-DPB1*01:04|82|NHP00810|Patr-DPB1*01:04|82|bp	NHP00810|Patr-DPB1*01:04|82|NHP00810|Patr-DPB1*01:04|82|bp
NHP00811|Patr-DPB1*01:05|82|NHP00811|Patr-DPB1*01:05|82|bp	NHP00811|Patr-DPB1*01:05|82|NHP00811|Patr-DPB1*01:05|82|bp
NHP00811|Patr-DPB1*01:05|82|NHP00811|Patr-DPB1*01:05|82|bp	NHP00807|Patr-DPB1*01:01|82|NHP00807|Patr-DPB1*01:01|82|bp
NHP00811|Patr-DPB1*01:05|82|NHP00811|Patr-DPB1*01:05|82|bp	NHP00808|Patr-DPB1*01:02|82|NHP00808|Patr-DPB1*01:02|82|bp
NHP00811|Patr-DPB1*01:05|82|NHP00811|Patr-DPB1*01:05|82|bp	NHP00814|Patr-DPB1*01:08|82|NHP00814|Patr-DPB1*01:08|82|bp
NHP00811|Patr-DPB1*01:05|82|NHP00811|Patr-DPB1*01:05|82|bp	NHP00817|Patr-DPB1*01:10|82|NHP00817|Patr-DPB1*01:10|82|bp
NHP00811|Patr-DPB1*01:05|82|NHP00811|Patr-DPB1*01:05|82|bp	NHP00809|Patr-DPB1*01:03|82|NHP00809|Patr-DPB1*01:03|82|bp
NHP00811|Patr-DPB1*01:05|82|NHP00811|Patr-DPB1*01:05|82|bp	NHP00812|Patr-DPB1*01:06|85|NHP00812|Patr-DPB1*01:06|85|bp
NHP00829|Patr-DPB1*01:14|85|NHP00829|Patr-DPB1*01:14|85|bp	NHP00829|Patr-DPB1*01:14|85|NHP00829|Patr-DPB1*01:14|85|bp
NHP00829|Patr-DPB1*01:14|85|NHP00829|Patr-DPB1*01:14|85|bp	NHP00819|Patr-DPB1*01:12|259|NHP00819|Patr-DPB1*01:12|259|bp
NHP00829|Patr-DPB1*01:14|85|NHP00829|Patr-DPB1*01:14|85|bp	NHP00830|Patr-DPB1*01:15|85|NHP00830|Patr-DPB1*01:15|85|bp
NHP00829|Patr-DPB1*01:14|85|NHP00829|Patr-DPB1*01:14|85|bp	NHP08840|Patr-DPB1*01:16|258|NHP08840|Patr-DPB1*01:16|258|bp
NHP00829|Patr-DPB1*01:14|85|NHP00829|Patr-DPB1*01:14|85|bp	NHP00815|Patr-DPB1*01:09|259|NHP00815|Patr-DPB1*01:09|259|bp
NHP00829|Patr-DPB1*01:14|85|NHP00829|Patr-DPB1*01:14|85|bp	NHP00818|Patr-DPB1*01:11|259|NHP00818|Patr-DPB1*01:11|259|bp
NHP09710|Patr-DPB1*02:02|259|NHP09710|Patr-DPB1*02:02|259|bp	NHP09710|Patr-DPB1*02:02|259|NHP09710|Patr-DPB1*02:02|259|bp
NHP09710|Patr-DPB1*02:02|259|NHP09710|Patr-DPB1*02:02|259|bp	NHP00821|Patr-DPB1*02:01|259|NHP00821|Patr-DPB1*02:01|259|bp
NHP00805|Patr-DPB1*03:03|82|NHP00805|Patr-DPB1*03:03|82|bp	NHP00805|Patr-DPB1*03:03|82|NHP00805|Patr-DPB1*03:03|82|bp
NHP00805|Patr-DPB1*03:03|82|NHP00805|Patr-DPB1*03:03|82|bp	NHP00803|Patr-DPB1*03:01|82|NHP00803|Patr-DPB1*03:01|82|bp
NHP00805|Patr-DPB1*03:03|82|NHP00805|Patr-DPB1*03:03|82|bp	NHP00804|Patr-DPB1*03:02|82|NHP00804|Patr-DPB1*03:02|82|bp
NHP01447|Patr-DPB1*03:05|87|NHP01447|Patr-DPB1*03:05|87|bp	NHP01447|Patr-DPB1*03:05|87|NHP01447|Patr-DPB1*03:05|87|bp
NHP01447|Patr-DPB1*03:05|87|NHP01447|Patr-DPB1*03:05|87|bp	NHP00806|Patr-DPB1*03:04|259|NHP00806|Patr-DPB1*03:04|259|bp
