NHP00365|Mamu-DPB1*01:01|258|NHP00365|Mamu-DPB1*01:01|258|bp|NHP00365|Mamu-DPB1*01:01|258|NHP00365|Mamu-DPB1*01:01|258|bp	NHP00365|Mamu-DPB1*01:01|258|NHP00365|Mamu-DPB1*01:01|258|bp|NHP00365|Mamu-DPB1*01:01|258|NHP00365|Mamu-DPB1*01:01|258|bp
NHP00365|Mamu-DPB1*01:01|258|NHP00365|Mamu-DPB1*01:01|258|bp|NHP00365|Mamu-DPB1*01:01|258|NHP00365|Mamu-DPB1*01:01|258|bp	NHP00365|Mamu-DPB1*01:01|258|NHP00365|Mamu-DPB1*01:01|258|bp
NHP00365|Mamu-DPB1*01:01|258|NHP00365|Mamu-DPB1*01:01|258|bp|NHP00365|Mamu-DPB1*01:01|258|NHP00365|Mamu-DPB1*01:01|258|bp	NHP05383|Mamu-DPB1*01:09|258|NHP05383|Mamu-DPB1*01:09|258|bp
NHP00365|Mamu-DPB1*01:01|258|NHP00365|Mamu-DPB1*01:01|258|bp|NHP00365|Mamu-DPB1*01:01|258|NHP00365|Mamu-DPB1*01:01|258|bp	NHP05371|Mamu-DPB1*01:10|258|NHP05371|Mamu-DPB1*01:10|258|bp
NHP00365|Mamu-DPB1*01:01|258|NHP00365|Mamu-DPB1*01:01|258|bp|NHP00365|Mamu-DPB1*01:01|258|NHP00365|Mamu-DPB1*01:01|258|bp	NHP05384|Mamu-DPB1*01:11|258|NHP05384|Mamu-DPB1*01:11|258|bp
NHP00365|Mamu-DPB1*01:01|258|NHP00365|Mamu-DPB1*01:01|258|bp|NHP00365|Mamu-DPB1*01:01|258|NHP00365|Mamu-DPB1*01:01|258|bp	NHP05385|Mamu-DPB1*01:12|258|NHP05385|Mamu-DPB1*01:12|258|bp
NHP00365|Mamu-DPB1*01:01|258|NHP00365|Mamu-DPB1*01:01|258|bp|NHP00365|Mamu-DPB1*01:01|258|NHP00365|Mamu-DPB1*01:01|258|bp	NHP05386|Mamu-DPB1*01:13|258|NHP05386|Mamu-DPB1*01:13|258|bp
NHP00365|Mamu-DPB1*01:01|258|NHP00365|Mamu-DPB1*01:01|258|bp|NHP00365|Mamu-DPB1*01:01|258|NHP00365|Mamu-DPB1*01:01|258|bp	NHP05387|Mamu-DPB1*01:14|258|NHP05387|Mamu-DPB1*01:14|258|bp
NHP00365|Mamu-DPB1*01:01|258|NHP00365|Mamu-DPB1*01:01|258|bp|NHP00365|Mamu-DPB1*01:01|258|NHP00365|Mamu-DPB1*01:01|258|bp	NHP05391|Mamu-DPB1*01:15|258|NHP05391|Mamu-DPB1*01:15|258|bp
NHP00365|Mamu-DPB1*01:01|258|NHP00365|Mamu-DPB1*01:01|258|bp|NHP00365|Mamu-DPB1*01:01|258|NHP00365|Mamu-DPB1*01:01|258|bp	NHP05381|Mamu-DPB1*01:16|118|NHP05381|Mamu-DPB1*01:16|118|bp
NHP00365|Mamu-DPB1*01:01|258|NHP00365|Mamu-DPB1*01:01|258|bp|NHP00365|Mamu-DPB1*01:01|258|NHP00365|Mamu-DPB1*01:01|258|bp	NHP06442|Mamu-DPB1*01:17|258|NHP06442|Mamu-DPB1*01:17|258|bp
NHP00365|Mamu-DPB1*01:01|258|NHP00365|Mamu-DPB1*01:01|258|bp|NHP00365|Mamu-DPB1*01:01|258|NHP00365|Mamu-DPB1*01:01|258|bp	NHP00364|Mamu-DPB1*05:01|259|NHP00364|Mamu-DPB1*05:01|259|bp
NHP00365|Mamu-DPB1*01:01|258|NHP00365|Mamu-DPB1*01:01|258|bp|NHP00365|Mamu-DPB1*01:01|258|NHP00365|Mamu-DPB1*01:01|258|bp	NHP05124|Mamu-DPB1*05:02|258|NHP05124|Mamu-DPB1*05:02|258|bp
NHP04372|Mamu-DPB1*01:02|85|NHP04372|Mamu-DPB1*01:02|85|bp	NHP04372|Mamu-DPB1*01:02|85|NHP04372|Mamu-DPB1*01:02|85|bp
NHP04374|Mamu-DPB1*01:04|85|NHP04374|Mamu-DPB1*01:04|85|bp	NHP04374|Mamu-DPB1*01:04|85|NHP04374|Mamu-DPB1*01:04|85|bp
NHP04377|Mamu-DPB1*01:06|85|NHP04377|Mamu-DPB1*01:06|85|bp	NHP04377|Mamu-DPB1*01:06|85|NHP04377|Mamu-DPB1*01:06|85|bp
NHP04377|Mamu-DPB1*01:06|85|NHP04377|Mamu-DPB1*01:06|85|bp	NHP04375|Mamu-DPB1*01:05|85|NHP04375|Mamu-DPB1*01:05|85|bp
NHP04377|Mamu-DPB1*01:06|85|NHP04377|Mamu-DPB1*01:06|85|bp	NHP04387|Mamu-DPB1*01:07|85|NHP04387|Mamu-DPB1*01:07|85|bp
NHP04377|Mamu-DPB1*01:06|85|NHP04377|Mamu-DPB1*01:06|85|bp	NHP04373|Mamu-DPB1*01:03|85|NHP04373|Mamu-DPB1*01:03|85|bp
NHP00374|Mamu-DPB1*02:01|258|NHP00374|Mamu-DPB1*02:01|258|bp	NHP00374|Mamu-DPB1*02:01|258|NHP00374|Mamu-DPB1*02:01|258|bp
NHP00374|Mamu-DPB1*02:01|258|NHP00374|Mamu-DPB1*02:01|258|bp	NHP03805|Mamu-DPB1*02:02|258|NHP03805|Mamu-DPB1*02:02|258|bp
NHP00374|Mamu-DPB1*02:01|258|NHP00374|Mamu-DPB1*02:01|258|bp	NHP05122|Mamu-DPB1*02:03|87|NHP05122|Mamu-DPB1*02:03|87|bp
NHP00374|Mamu-DPB1*02:01|258|NHP00374|Mamu-DPB1*02:01|258|bp	NHP05369|Mamu-DPB1*02:04:01|118|NHP05369|Mamu-DPB1*02:04:01|118|bp
NHP00374|Mamu-DPB1*02:01|258|NHP00374|Mamu-DPB1*02:01|258|bp	NHP05374|Mamu-DPB1*02:04:02|118|NHP05374|Mamu-DPB1*02:04:02|118|bp
NHP00375|Mamu-DPB1*03:01|85|NHP00375|Mamu-DPB1*03:01|85|bp	NHP00375|Mamu-DPB1*03:01|85|NHP00375|Mamu-DPB1*03:01|85|bp
NHP00375|Mamu-DPB1*03:01|85|NHP00375|Mamu-DPB1*03:01|85|bp	NHP03585|Mamu-DPB1*03:03|87|NHP03585|Mamu-DPB1*03:03|87|bp
NHP00375|Mamu-DPB1*03:01|85|NHP00375|Mamu-DPB1*03:01|85|bp	NHP01999|Mamu-DPB1*03:02|258|NHP01999|Mamu-DPB1*03:02|258|bp
NHP00373|Mamu-DPB1*04:01|258|NHP00373|Mamu-DPB1*04:01|258|bp	NHP00373|Mamu-DPB1*04:01|258|NHP00373|Mamu-DPB1*04:01|258|bp
NHP00369|Mamu-DPB1*06:02|259|NHP00369|Mamu-DPB1*06:02|259|bp	NHP00369|Mamu-DPB1*06:02|259|NHP00369|Mamu-DPB1*06:02|259|bp
NHP00369|Mamu-DPB1*06:02|259|NHP00369|Mamu-DPB1*06:02|259|bp	NHP07248|Mamu-DPB1*06:06|258|NHP07248|Mamu-DPB1*06:06|258|bp
NHP00369|Mamu-DPB1*06:02|259|NHP00369|Mamu-DPB1*06:02|259|bp	NHP07268|Mamu-DPB1*06:07|258|NHP07268|Mamu-DPB1*06:07|258|bp
NHP00370|Mamu-DPB1*06:03|85|NHP00370|Mamu-DPB1*06:03|85|bp	NHP00370|Mamu-DPB1*06:03|85|NHP00370|Mamu-DPB1*06:03|85|bp
NHP00372|Mamu-DPB1*06:04|258|NHP00372|Mamu-DPB1*06:04|258|bp	NHP00372|Mamu-DPB1*06:04|258|NHP00372|Mamu-DPB1*06:04|258|bp
NHP00367|Mamu-DPB1*07:01|258|NHP00367|Mamu-DPB1*07:01|258|bp	NHP00367|Mamu-DPB1*07:01|258|NHP00367|Mamu-DPB1*07:01|258|bp
NHP00367|Mamu-DPB1*07:01|258|NHP00367|Mamu-DPB1*07:01|258|bp	NHP00368|Mamu-DPB1*07:02:01|259|NHP00368|Mamu-DPB1*07:02:01|259|bp
NHP00367|Mamu-DPB1*07:01|258|NHP00367|Mamu-DPB1*07:01|258|bp	NHP05376|Mamu-DPB1*07:02:02|118|NHP05376|Mamu-DPB1*07:02:02|118|bp
NHP00367|Mamu-DPB1*07:01|258|NHP00367|Mamu-DPB1*07:01|258|bp	NHP03804|Mamu-DPB1*07:03:01|258|NHP03804|Mamu-DPB1*07:03:01|258|bp
NHP04376|Mamu-DPB1*07:04|85|NHP04376|Mamu-DPB1*07:04|85|bp	NHP04376|Mamu-DPB1*07:04|85|NHP04376|Mamu-DPB1*07:04|85|bp
NHP09921|Mamu-DPB1*07:06|87|NHP09921|Mamu-DPB1*07:06|87|bp	NHP09921|Mamu-DPB1*07:06|87|NHP09921|Mamu-DPB1*07:06|87|bp
NHP09921|Mamu-DPB1*07:06|87|NHP09921|Mamu-DPB1*07:06|87|bp	NHP09920|Mamu-DPB1*07:05|87|NHP09920|Mamu-DPB1*07:05|87|bp
NHP00362|Mamu-DPB1*08:01|258|NHP00362|Mamu-DPB1*08:01|258|bp	NHP00362|Mamu-DPB1*08:01|258|NHP00362|Mamu-DPB1*08:01|258|bp
NHP00363|Mamu-DPB1*08:02|258|NHP00363|Mamu-DPB1*08:02|258|bp	NHP00363|Mamu-DPB1*08:02|258|NHP00363|Mamu-DPB1*08:02|258|bp
NHP00377|Mamu-DPB1*11:01|85|NHP00377|Mamu-DPB1*11:01|85|bp	NHP00377|Mamu-DPB1*11:01|85|NHP00377|Mamu-DPB1*11:01|85|bp
NHP01168|Mamu-DPB1*14:01|258|NHP01168|Mamu-DPB1*14:01|258|bp	NHP01168|Mamu-DPB1*14:01|258|NHP01168|Mamu-DPB1*14:01|258|bp
NHP00371|Mamu-DPB1*15:01|258|NHP00371|Mamu-DPB1*15:01|258|bp	NHP00371|Mamu-DPB1*15:01|258|NHP00371|Mamu-DPB1*15:01|258|bp
NHP00371|Mamu-DPB1*15:01|258|NHP00371|Mamu-DPB1*15:01|258|bp	NHP05388|Mamu-DPB1*15:02|258|NHP05388|Mamu-DPB1*15:02|258|bp
NHP00371|Mamu-DPB1*15:01|258|NHP00371|Mamu-DPB1*15:01|258|bp	NHP05389|Mamu-DPB1*15:03|259|NHP05389|Mamu-DPB1*15:03|259|bp
NHP03586|Mamu-DPB1*16:01|241|NHP03586|Mamu-DPB1*16:01|241|bp	NHP03586|Mamu-DPB1*16:01|241|NHP03586|Mamu-DPB1*16:01|241|bp
NHP03587|Mamu-DPB1*17:01|232|NHP03587|Mamu-DPB1*17:01|232|bp	NHP03587|Mamu-DPB1*17:01|232|NHP03587|Mamu-DPB1*17:01|232|bp
NHP05434|Mamu-DPB1*18:01|231|NHP05434|Mamu-DPB1*18:01|231|bp	NHP05434|Mamu-DPB1*18:01|231|NHP05434|Mamu-DPB1*18:01|231|bp
NHP02190|Mamu-DPB1*19:01:01|257|NHP02190|Mamu-DPB1*19:01:01|257|bp	NHP02190|Mamu-DPB1*19:01:01|257|NHP02190|Mamu-DPB1*19:01:01|257|bp
NHP02190|Mamu-DPB1*19:01:01|257|NHP02190|Mamu-DPB1*19:01:01|257|bp	NHP02507|Mamu-DPB1*19:01:02|257|NHP02507|Mamu-DPB1*19:01:02|257|bp
NHP02190|Mamu-DPB1*19:01:01|257|NHP02190|Mamu-DPB1*19:01:01|257|bp	NHP02506|Mamu-DPB1*19:02|257|NHP02506|Mamu-DPB1*19:02|257|bp
NHP02190|Mamu-DPB1*19:01:01|257|NHP02190|Mamu-DPB1*19:01:01|257|bp	NHP05390|Mamu-DPB1*19:03|257|NHP05390|Mamu-DPB1*19:03|257|bp
NHP02190|Mamu-DPB1*19:01:01|257|NHP02190|Mamu-DPB1*19:01:01|257|bp	NHP05370|Mamu-DPB1*19:04|240|NHP05370|Mamu-DPB1*19:04|240|bp
NHP02190|Mamu-DPB1*19:01:01|257|NHP02190|Mamu-DPB1*19:01:01|257|bp	NHP05372|Mamu-DPB1*19:05|118|NHP05372|Mamu-DPB1*19:05|118|bp
NHP02190|Mamu-DPB1*19:01:01|257|NHP02190|Mamu-DPB1*19:01:01|257|bp	NHP05482|Mamu-DPB1*19:06|231|NHP05482|Mamu-DPB1*19:06|231|bp
NHP06437|Mamu-DPB1*21:01|231|NHP06437|Mamu-DPB1*21:01|231|bp	NHP06437|Mamu-DPB1*21:01|231|NHP06437|Mamu-DPB1*21:01|231|bp
NHP06437|Mamu-DPB1*21:01|231|NHP06437|Mamu-DPB1*21:01|231|bp	NHP06438|Mamu-DPB1*21:02|231|NHP06438|Mamu-DPB1*21:02|231|bp
NHP06437|Mamu-DPB1*21:01|231|NHP06437|Mamu-DPB1*21:01|231|bp	NHP06441|Mamu-DPB1*21:03|231|NHP06441|Mamu-DPB1*21:03|231|bp
NHP00366|Mamu-DPB1*22:01|84|NHP00366|Mamu-DPB1*22:01|84|bp	NHP00366|Mamu-DPB1*22:01|84|NHP00366|Mamu-DPB1*22:01|84|bp
NHP06440|Mamu-DPB1*23:02|232|NHP06440|Mamu-DPB1*23:02|232|bp	NHP06440|Mamu-DPB1*23:02|232|NHP06440|Mamu-DPB1*23:02|232|bp
NHP06440|Mamu-DPB1*23:02|232|NHP06440|Mamu-DPB1*23:02|232|bp	NHP06439|Mamu-DPB1*23:01|232|NHP06439|Mamu-DPB1*23:01|232|bp
NHP06229|Mamu-DPB1*24:01|259|NHP06229|Mamu-DPB1*24:01|259|bp	NHP06229|Mamu-DPB1*24:01|259|NHP06229|Mamu-DPB1*24:01|259|bp
NHP09975|Mamu-DPB2*01:01|87|NHP09975|Mamu-DPB2*01:01|87|bp	NHP09975|Mamu-DPB2*01:01|87|NHP09975|Mamu-DPB2*01:01|87|bp
NHP09975|Mamu-DPB2*01:01|87|NHP09975|Mamu-DPB2*01:01|87|bp	NHP09976|Mamu-DPB2*01:02|87|NHP09976|Mamu-DPB2*01:02|87|bp
NHP09975|Mamu-DPB2*01:01|87|NHP09975|Mamu-DPB2*01:01|87|bp	NHP09977|Mamu-DPB2*01:03|87|NHP09977|Mamu-DPB2*01:03|87|bp
