SLA05945|SLA-DQB1*01:01|261|SLA05945|SLA-DQB1*01:01|261|bp|SLA05945|SLA-DQB1*01:01|261|SLA05945|SLA-DQB1*01:01|261|bp	SLA05945|SLA-DQB1*01:01|261|SLA05945|SLA-DQB1*01:01|261|bp|SLA05945|SLA-DQB1*01:01|261|SLA05945|SLA-DQB1*01:01|261|bp
SLA05945|SLA-DQB1*01:01|261|SLA05945|SLA-DQB1*01:01|261|bp|SLA05945|SLA-DQB1*01:01|261|SLA05945|SLA-DQB1*01:01|261|bp	SLA05945|SLA-DQB1*01:01|261|SLA05945|SLA-DQB1*01:01|261|bp
SLA05945|SLA-DQB1*01:01|261|SLA05945|SLA-DQB1*01:01|261|bp|SLA05945|SLA-DQB1*01:01|261|SLA05945|SLA-DQB1*01:01|261|bp	SLA05950|SLA-DQB1*01:02|92|SLA05950|SLA-DQB1*01:02|92|bp
SLA05946|SLA-DQB1*01:03|89|SLA05946|SLA-DQB1*01:03|89|bp	SLA05946|SLA-DQB1*01:03|89|SLA05946|SLA-DQB1*01:03|89|bp
SLA05947|SLA-DQB1*01:04|89|SLA05947|SLA-DQB1*01:04|89|bp	SLA05947|SLA-DQB1*01:04|89|SLA05947|SLA-DQB1*01:04|89|bp
SLA05948|SLA-DQB1*01:05|89|SLA05948|SLA-DQB1*01:05|89|bp	SLA05948|SLA-DQB1*01:05|89|SLA05948|SLA-DQB1*01:05|89|bp
SLA05949|SLA-DQB1*01:06|89|SLA05949|SLA-DQB1*01:06|89|bp	SLA05949|SLA-DQB1*01:06|89|SLA05949|SLA-DQB1*01:06|89|bp
SLA05953|SLA-DQB1*02:03|261|SLA05953|SLA-DQB1*02:03|261|bp	SLA05953|SLA-DQB1*02:03|261|SLA05953|SLA-DQB1*02:03|261|bp
SLA05956|SLA-DQB1*02:05|134|SLA05956|SLA-DQB1*02:05|134|bp	SLA05956|SLA-DQB1*02:05|134|SLA05956|SLA-DQB1*02:05|134|bp
SLA05956|SLA-DQB1*02:05|134|SLA05956|SLA-DQB1*02:05|134|bp	SLA05951|SLA-DQB1*02:01|261|SLA05951|SLA-DQB1*02:01|261|bp
SLA05959|SLA-DQB1*02:06|85|SLA05959|SLA-DQB1*02:06|85|bp	SLA05959|SLA-DQB1*02:06|85|SLA05959|SLA-DQB1*02:06|85|bp
SLA05958|SLA-DQB1*02:09|89|SLA05958|SLA-DQB1*02:09|89|bp	SLA05958|SLA-DQB1*02:09|89|SLA05958|SLA-DQB1*02:09|89|bp
SLA05958|SLA-DQB1*02:09|89|SLA05958|SLA-DQB1*02:09|89|bp	SLA05955|SLA-DQB1*02:07|89|SLA05955|SLA-DQB1*02:07|89|bp
SLA05958|SLA-DQB1*02:09|89|SLA05958|SLA-DQB1*02:09|89|bp	SLA05957|SLA-DQB1*02:08|89|SLA05957|SLA-DQB1*02:08|89|bp
SLA08538|SLA-DQB1*02:11|261|SLA08538|SLA-DQB1*02:11|261|bp	SLA08538|SLA-DQB1*02:11|261|SLA08538|SLA-DQB1*02:11|261|bp
SLA08538|SLA-DQB1*02:11|261|SLA08538|SLA-DQB1*02:11|261|bp	SLA05952|SLA-DQB1*02:02|261|SLA05952|SLA-DQB1*02:02|261|bp
SLA08538|SLA-DQB1*02:11|261|SLA08538|SLA-DQB1*02:11|261|bp	SLA05954|SLA-DQB1*02:04|261|SLA05954|SLA-DQB1*02:04|261|bp
SLA08538|SLA-DQB1*02:11|261|SLA08538|SLA-DQB1*02:11|261|bp	SLA08537|SLA-DQB1*02:10|147|SLA08537|SLA-DQB1*02:10|147|bp
SLA09794|SLA-DQB1*02:13|261|SLA09794|SLA-DQB1*02:13|261|bp	SLA09794|SLA-DQB1*02:13|261|SLA09794|SLA-DQB1*02:13|261|bp
SLA09793|SLA-DQB1*02:14|261|SLA09793|SLA-DQB1*02:14|261|bp	SLA09793|SLA-DQB1*02:14|261|SLA09793|SLA-DQB1*02:14|261|bp
SLA05961|SLA-DQB1*03:02|89|SLA05961|SLA-DQB1*03:02|89|bp	SLA05961|SLA-DQB1*03:02|89|SLA05961|SLA-DQB1*03:02|89|bp
SLA05962|SLA-DQB1*03:03|261|SLA05962|SLA-DQB1*03:03|261|bp	SLA05962|SLA-DQB1*03:03|261|SLA05962|SLA-DQB1*03:03|261|bp
SLA05984|SLA-DQB1*03:04|261|SLA05984|SLA-DQB1*03:04|261|bp	SLA05984|SLA-DQB1*03:04|261|SLA05984|SLA-DQB1*03:04|261|bp
SLA08539|SLA-DQB1*03:05|261|SLA08539|SLA-DQB1*03:05|261|bp	SLA08539|SLA-DQB1*03:05|261|SLA08539|SLA-DQB1*03:05|261|bp
SLA08539|SLA-DQB1*03:05|261|SLA08539|SLA-DQB1*03:05|261|bp	SLA05960|SLA-DQB1*03:01|261|SLA05960|SLA-DQB1*03:01|261|bp
SLA05963|SLA-DQB1*04:01:01|261|SLA05963|SLA-DQB1*04:01:01|261|bp	SLA05963|SLA-DQB1*04:01:01|261|SLA05963|SLA-DQB1*04:01:01|261|bp
SLA05963|SLA-DQB1*04:01:01|261|SLA05963|SLA-DQB1*04:01:01|261|bp	SLA05964|SLA-DQB1*04:01:02|261|SLA05964|SLA-DQB1*04:01:02|261|bp
SLA05963|SLA-DQB1*04:01:01|261|SLA05963|SLA-DQB1*04:01:01|261|bp	SLA05965|SLA-DQB1*04:02:01|261|SLA05965|SLA-DQB1*04:02:01|261|bp
SLA05963|SLA-DQB1*04:01:01|261|SLA05963|SLA-DQB1*04:01:01|261|bp	SLA05966|SLA-DQB1*04:02:02|261|SLA05966|SLA-DQB1*04:02:02|261|bp
SLA05963|SLA-DQB1*04:01:01|261|SLA05963|SLA-DQB1*04:01:01|261|bp	SLA05967|SLA-DQB1*04:04|134|SLA05967|SLA-DQB1*04:04|134|bp
SLA05968|SLA-DQB1*04:03|261|SLA05968|SLA-DQB1*04:03|261|bp	SLA05968|SLA-DQB1*04:03|261|SLA05968|SLA-DQB1*04:03|261|bp
SLA05969|SLA-DQB1*04:05|88|SLA05969|SLA-DQB1*04:05|88|bp	SLA05969|SLA-DQB1*04:05|88|SLA05969|SLA-DQB1*04:05|88|bp
SLA05970|SLA-DQB1*05:01|261|SLA05970|SLA-DQB1*05:01|261|bp	SLA05970|SLA-DQB1*05:01|261|SLA05970|SLA-DQB1*05:01|261|bp
SLA05970|SLA-DQB1*05:01|261|SLA05970|SLA-DQB1*05:01|261|bp	SLA05971|SLA-DQB1*05:02|261|SLA05971|SLA-DQB1*05:02|261|bp
SLA05970|SLA-DQB1*05:01|261|SLA05970|SLA-DQB1*05:01|261|bp	SLA05973|SLA-DQB1*05:04|134|SLA05973|SLA-DQB1*05:04|134|bp
SLA05972|SLA-DQB1*05:03|261|SLA05972|SLA-DQB1*05:03|261|bp	SLA05972|SLA-DQB1*05:03|261|SLA05972|SLA-DQB1*05:03|261|bp
SLA05974|SLA-DQB1*06:01|261|SLA05974|SLA-DQB1*06:01|261|bp	SLA05974|SLA-DQB1*06:01|261|SLA05974|SLA-DQB1*06:01|261|bp
SLA08540|SLA-DQB1*06:02:02|89|SLA08540|SLA-DQB1*06:02:02|89|bp	SLA08540|SLA-DQB1*06:02:02|89|SLA08540|SLA-DQB1*06:02:02|89|bp
SLA08540|SLA-DQB1*06:02:02|89|SLA08540|SLA-DQB1*06:02:02|89|bp	SLA05975|SLA-DQB1*06:02:01|89|SLA05975|SLA-DQB1*06:02:01|89|bp
SLA05986|SLA-DQB1*06:03|84|SLA05986|SLA-DQB1*06:03|84|bp	SLA05986|SLA-DQB1*06:03|84|SLA05986|SLA-DQB1*06:03|84|bp
SLA09731|SLA-DQB1*07:02|261|SLA09731|SLA-DQB1*07:02|261|bp	SLA09731|SLA-DQB1*07:02|261|SLA09731|SLA-DQB1*07:02|261|bp
SLA09731|SLA-DQB1*07:02|261|SLA09731|SLA-DQB1*07:02|261|bp	SLA05977|SLA-DQB1*07:01:01|261|SLA05977|SLA-DQB1*07:01:01|261|bp
SLA09731|SLA-DQB1*07:02|261|SLA09731|SLA-DQB1*07:02|261|bp	SLA08541|SLA-DQB1*07:01:02|261|SLA08541|SLA-DQB1*07:01:02|261|bp
SLA09731|SLA-DQB1*07:02|261|SLA09731|SLA-DQB1*07:02|261|bp	SLA08542|SLA-DQB1*07:01:03|261|SLA08542|SLA-DQB1*07:01:03|261|bp
SLA05978|SLA-DQB1*08:01|261|SLA05978|SLA-DQB1*08:01|261|bp	SLA05978|SLA-DQB1*08:01|261|SLA05978|SLA-DQB1*08:01|261|bp
SLA05978|SLA-DQB1*08:01|261|SLA05978|SLA-DQB1*08:01|261|bp	SLA05979|SLA-DQB1*08:02|261|SLA05979|SLA-DQB1*08:02|261|bp
SLA05978|SLA-DQB1*08:01|261|SLA05978|SLA-DQB1*08:01|261|bp	SLA08543|SLA-DQB1*08:04|261|SLA08543|SLA-DQB1*08:04|261|bp
SLA05978|SLA-DQB1*08:01|261|SLA05978|SLA-DQB1*08:01|261|bp	SLA08544|SLA-DQB1*08:05|261|SLA08544|SLA-DQB1*08:05|261|bp
SLA05978|SLA-DQB1*08:01|261|SLA05978|SLA-DQB1*08:01|261|bp	SLA05981|SLA-DQB1*09:01|261|SLA05981|SLA-DQB1*09:01|261|bp
SLA05978|SLA-DQB1*08:01|261|SLA05978|SLA-DQB1*08:01|261|bp	SLA05985|SLA-DQB1*11:01|92|SLA05985|SLA-DQB1*11:01|92|bp
SLA05980|SLA-DQB1*08:03|89|SLA05980|SLA-DQB1*08:03|89|bp	SLA05980|SLA-DQB1*08:03|89|SLA05980|SLA-DQB1*08:03|89|bp
SLA05987|SLA-DQB1*08:06|84|SLA05987|SLA-DQB1*08:06|84|bp	SLA05987|SLA-DQB1*08:06|84|SLA05987|SLA-DQB1*08:06|84|bp
SLA05982|SLA-DQB1*09:02|81|SLA05982|SLA-DQB1*09:02|81|bp	SLA05982|SLA-DQB1*09:02|81|SLA05982|SLA-DQB1*09:02|81|bp
SLA05983|SLA-DQB1*10:01|261|SLA05983|SLA-DQB1*10:01|261|bp	SLA05983|SLA-DQB1*10:01|261|SLA05983|SLA-DQB1*10:01|261|bp
SLA05988|SLA-DQB1*10:02|84|SLA05988|SLA-DQB1*10:02|84|bp	SLA05988|SLA-DQB1*10:02|84|SLA05988|SLA-DQB1*10:02|84|bp
SLA09795|SLA-DQB1*10:03|261|SLA09795|SLA-DQB1*10:03|261|bp	SLA09795|SLA-DQB1*10:03|261|SLA09795|SLA-DQB1*10:03|261|bp
