BOLA03100|BoLA-DRB3*001:01|183|BOLA03100|BoLA-DRB3*001:01|183|bp|BOLA03100|BoLA-DRB3*001:01|183|BOLA03100|BoLA-DRB3*001:01|183|bp	BOLA03100|BoLA-DRB3*001:01|183|BOLA03100|BoLA-DRB3*001:01|183|bp|BOLA03100|BoLA-DRB3*001:01|183|BOLA03100|BoLA-DRB3*001:01|183|bp
BOLA03100|BoLA-DRB3*001:01|183|BOLA03100|BoLA-DRB3*001:01|183|bp|BOLA03100|BoLA-DRB3*001:01|183|BOLA03100|BoLA-DRB3*001:01|183|bp	BOLA03100|BoLA-DRB3*001:01|183|BOLA03100|BoLA-DRB3*001:01|183|bp
BOLA03100|BoLA-DRB3*001:01|183|BOLA03100|BoLA-DRB3*001:01|183|bp|BOLA03100|BoLA-DRB3*001:01|183|BOLA03100|BoLA-DRB3*001:01|183|bp	BOLA07802|BoLA-DRB3*001:03|89|BOLA07802|BoLA-DRB3*001:03|89|bp
BOLA09870|BoLA-DRB3*002:02|85|BOLA09870|BoLA-DRB3*002:02|85|bp	BOLA09870|BoLA-DRB3*002:02|85|BOLA09870|BoLA-DRB3*002:02|85|bp
BOLA09870|BoLA-DRB3*002:02|85|BOLA09870|BoLA-DRB3*002:02|85|bp	BOLA03102|BoLA-DRB3*002:01|88|BOLA03102|BoLA-DRB3*002:01|88|bp
BOLA10184|BoLA-DRB3*003:01:02|89|BOLA10184|BoLA-DRB3*003:01:02|89|bp	BOLA10184|BoLA-DRB3*003:01:02|89|BOLA10184|BoLA-DRB3*003:01:02|89|bp
BOLA10184|BoLA-DRB3*003:01:02|89|BOLA10184|BoLA-DRB3*003:01:02|89|bp	BOLA03103|BoLA-DRB3*003:01:01|86|BOLA03103|BoLA-DRB3*003:01:01|86|bp
BOLA10184|BoLA-DRB3*003:01:02|89|BOLA10184|BoLA-DRB3*003:01:02|89|bp	BOLA03104|BoLA-DRB3*003:02:01|89|BOLA03104|BoLA-DRB3*003:02:01|89|bp
BOLA10184|BoLA-DRB3*003:01:02|89|BOLA10184|BoLA-DRB3*003:01:02|89|bp	BOLA09871|BoLA-DRB3*080:01|86|BOLA09871|BoLA-DRB3*080:01|86|bp
BOLA03269|BoLA-DRB3*003:03|82|BOLA03269|BoLA-DRB3*003:03|82|bp	BOLA03269|BoLA-DRB3*003:03|82|BOLA03269|BoLA-DRB3*003:03|82|bp
BOLA07786|BoLA-DRB3*004:02|77|BOLA07786|BoLA-DRB3*004:02|77|bp	BOLA07786|BoLA-DRB3*004:02|77|BOLA07786|BoLA-DRB3*004:02|77|bp
BOLA09812|BoLA-DRB3*004:03|89|BOLA09812|BoLA-DRB3*004:03|89|bp	BOLA09812|BoLA-DRB3*004:03|89|BOLA09812|BoLA-DRB3*004:03|89|bp
BOLA09812|BoLA-DRB3*004:03|89|BOLA09812|BoLA-DRB3*004:03|89|bp	BOLA03105|BoLA-DRB3*004:01|89|BOLA03105|BoLA-DRB3*004:01|89|bp
BOLA03107|BoLA-DRB3*005:02|89|BOLA03107|BoLA-DRB3*005:02|89|bp	BOLA03107|BoLA-DRB3*005:02|89|BOLA03107|BoLA-DRB3*005:02|89|bp
BOLA03107|BoLA-DRB3*005:02|89|BOLA03107|BoLA-DRB3*005:02|89|bp	BOLA03106|BoLA-DRB3*005:01|86|BOLA03106|BoLA-DRB3*005:01|86|bp
BOLA03107|BoLA-DRB3*005:02|89|BOLA03107|BoLA-DRB3*005:02|89|bp	BOLA03108|BoLA-DRB3*005:03|89|BOLA03108|BoLA-DRB3*005:03|89|bp
BOLA03107|BoLA-DRB3*005:02|89|BOLA03107|BoLA-DRB3*005:02|89|bp	BOLA03270|BoLA-DRB3*005:04|89|BOLA03270|BoLA-DRB3*005:04|89|bp
BOLA03107|BoLA-DRB3*005:02|89|BOLA03107|BoLA-DRB3*005:02|89|bp	BOLA10166|BoLA-DRB3*005:08|88|BOLA10166|BoLA-DRB3*005:08|88|bp
BOLA03107|BoLA-DRB3*005:02|89|BOLA03107|BoLA-DRB3*005:02|89|bp	BOLA10006|BoLA-DRB3*013:04|88|BOLA10006|BoLA-DRB3*013:04|88|bp
BOLA09959|BoLA-DRB3*005:06|88|BOLA09959|BoLA-DRB3*005:06|88|bp	BOLA09959|BoLA-DRB3*005:06|88|BOLA09959|BoLA-DRB3*005:06|88|bp
BOLA09959|BoLA-DRB3*005:06|88|BOLA09959|BoLA-DRB3*005:06|88|bp	BOLA09924|BoLA-DRB3*005:05|88|BOLA09924|BoLA-DRB3*005:05|88|bp
BOLA03109|BoLA-DRB3*006:01|82|BOLA03109|BoLA-DRB3*006:01|82|bp	BOLA03109|BoLA-DRB3*006:01|82|BOLA03109|BoLA-DRB3*006:01|82|bp
BOLA03110|BoLA-DRB3*007:01|89|BOLA03110|BoLA-DRB3*007:01|89|bp	BOLA03110|BoLA-DRB3*007:01|89|BOLA03110|BoLA-DRB3*007:01|89|bp
BOLA03110|BoLA-DRB3*007:01|89|BOLA03110|BoLA-DRB3*007:01|89|bp	BOLA10027|BoLA-DRB3*007:04|88|BOLA10027|BoLA-DRB3*007:04|88|bp
BOLA03110|BoLA-DRB3*007:01|89|BOLA03110|BoLA-DRB3*007:01|89|bp	BOLA09800|BoLA-DRB3*007:05|89|BOLA09800|BoLA-DRB3*007:05|89|bp
BOLA03110|BoLA-DRB3*007:01|89|BOLA03110|BoLA-DRB3*007:01|89|bp	BOLA10002|BoLA-DRB3*007:06|88|BOLA10002|BoLA-DRB3*007:06|88|bp
BOLA03110|BoLA-DRB3*007:01|89|BOLA03110|BoLA-DRB3*007:01|89|bp	BOLA10173|BoLA-DRB3*007:07|89|BOLA10173|BoLA-DRB3*007:07|89|bp
BOLA03271|BoLA-DRB3*007:02|77|BOLA03271|BoLA-DRB3*007:02|77|bp	BOLA03271|BoLA-DRB3*007:02|77|BOLA03271|BoLA-DRB3*007:02|77|bp
BOLA03272|BoLA-DRB3*007:03|77|BOLA03272|BoLA-DRB3*007:03|77|bp	BOLA03272|BoLA-DRB3*007:03|77|BOLA03272|BoLA-DRB3*007:03|77|bp
BOLA09967|BoLA-DRB3*008:02|88|BOLA09967|BoLA-DRB3*008:02|88|bp	BOLA09967|BoLA-DRB3*008:02|88|BOLA09967|BoLA-DRB3*008:02|88|bp
BOLA09967|BoLA-DRB3*008:02|88|BOLA09967|BoLA-DRB3*008:02|88|bp	BOLA03111|BoLA-DRB3*008:01|89|BOLA03111|BoLA-DRB3*008:01|89|bp
BOLA03113|BoLA-DRB3*009:02|89|BOLA03113|BoLA-DRB3*009:02|89|bp	BOLA03113|BoLA-DRB3*009:02|89|BOLA03113|BoLA-DRB3*009:02|89|bp
BOLA03113|BoLA-DRB3*009:02|89|BOLA03113|BoLA-DRB3*009:02|89|bp	BOLA03112|BoLA-DRB3*009:01|89|BOLA03112|BoLA-DRB3*009:01|89|bp
BOLA03113|BoLA-DRB3*009:02|89|BOLA03113|BoLA-DRB3*009:02|89|bp	BOLA07777|BoLA-DRB3*009:03|88|BOLA07777|BoLA-DRB3*009:03|88|bp
BOLA03113|BoLA-DRB3*009:02|89|BOLA03113|BoLA-DRB3*009:02|89|bp	BOLA09933|BoLA-DRB3*009:04|88|BOLA09933|BoLA-DRB3*009:04|88|bp
BOLA03113|BoLA-DRB3*009:02|89|BOLA03113|BoLA-DRB3*009:02|89|bp	BOLA10062|BoLA-DRB3*163:01|88|BOLA10062|BoLA-DRB3*163:01|88|bp
BOLA03114|BoLA-DRB3*010:01|89|BOLA03114|BoLA-DRB3*010:01|89|bp	BOLA03114|BoLA-DRB3*010:01|89|BOLA03114|BoLA-DRB3*010:01|89|bp
BOLA03114|BoLA-DRB3*010:01|89|BOLA03114|BoLA-DRB3*010:01|89|bp	BOLA03115|BoLA-DRB3*010:02|90|BOLA03115|BoLA-DRB3*010:02|90|bp
BOLA03114|BoLA-DRB3*010:01|89|BOLA03114|BoLA-DRB3*010:01|89|bp	BOLA09921|BoLA-DRB3*010:03|88|BOLA09921|BoLA-DRB3*010:03|88|bp
BOLA03114|BoLA-DRB3*010:01|89|BOLA03114|BoLA-DRB3*010:01|89|bp	BOLA09936|BoLA-DRB3*010:04|88|BOLA09936|BoLA-DRB3*010:04|88|bp
BOLA09991|BoLA-DRB3*010:05|88|BOLA09991|BoLA-DRB3*010:05|88|bp	BOLA09991|BoLA-DRB3*010:05|88|BOLA09991|BoLA-DRB3*010:05|88|bp
BOLA09801|BoLA-DRB3*011:02|89|BOLA09801|BoLA-DRB3*011:02|89|bp	BOLA09801|BoLA-DRB3*011:02|89|BOLA09801|BoLA-DRB3*011:02|89|bp
BOLA09801|BoLA-DRB3*011:02|89|BOLA09801|BoLA-DRB3*011:02|89|bp	BOLA09999|BoLA-DRB3*011:05|88|BOLA09999|BoLA-DRB3*011:05|88|bp
BOLA09801|BoLA-DRB3*011:02|89|BOLA09801|BoLA-DRB3*011:02|89|bp	BOLA09823|BoLA-DRB3*011:06|88|BOLA09823|BoLA-DRB3*011:06|88|bp
BOLA09801|BoLA-DRB3*011:02|89|BOLA09801|BoLA-DRB3*011:02|89|bp	BOLA09970|BoLA-DRB3*011:04|88|BOLA09970|BoLA-DRB3*011:04|88|bp
BOLA09801|BoLA-DRB3*011:02|89|BOLA09801|BoLA-DRB3*011:02|89|bp	BOLA03116|BoLA-DRB3*011:01|89|BOLA03116|BoLA-DRB3*011:01|89|bp
BOLA03273|BoLA-DRB3*011:03|82|BOLA03273|BoLA-DRB3*011:03|82|bp	BOLA03273|BoLA-DRB3*011:03|82|BOLA03273|BoLA-DRB3*011:03|82|bp
BOLA03117|BoLA-DRB3*012:01|89|BOLA03117|BoLA-DRB3*012:01|89|bp	BOLA03117|BoLA-DRB3*012:01|89|BOLA03117|BoLA-DRB3*012:01|89|bp
BOLA03117|BoLA-DRB3*012:01|89|BOLA03117|BoLA-DRB3*012:01|89|bp	BOLA10180|BoLA-DRB3*012:04|89|BOLA10180|BoLA-DRB3*012:04|89|bp
BOLA03117|BoLA-DRB3*012:01|89|BOLA03117|BoLA-DRB3*012:01|89|bp	BOLA10005|BoLA-DRB3*012:03|88|BOLA10005|BoLA-DRB3*012:03|88|bp
BOLA03117|BoLA-DRB3*012:01|89|BOLA03117|BoLA-DRB3*012:01|89|bp	BOLA03240|BoLA-DRB3*063:01|88|BOLA03240|BoLA-DRB3*063:01|88|bp
BOLA03117|BoLA-DRB3*012:01|89|BOLA03117|BoLA-DRB3*012:01|89|bp	BOLA10029|BoLA-DRB3*142:01|88|BOLA10029|BoLA-DRB3*142:01|88|bp
BOLA03118|BoLA-DRB3*012:02|78|BOLA03118|BoLA-DRB3*012:02|78|bp	BOLA03118|BoLA-DRB3*012:02|78|BOLA03118|BoLA-DRB3*012:02|78|bp
BOLA03119|BoLA-DRB3*013:01|89|BOLA03119|BoLA-DRB3*013:01|89|bp	BOLA03119|BoLA-DRB3*013:01|89|BOLA03119|BoLA-DRB3*013:01|89|bp
BOLA03119|BoLA-DRB3*013:01|89|BOLA03119|BoLA-DRB3*013:01|89|bp	BOLA03274|BoLA-DRB3*013:02|89|BOLA03274|BoLA-DRB3*013:02|89|bp
BOLA03119|BoLA-DRB3*013:01|89|BOLA03119|BoLA-DRB3*013:01|89|bp	BOLA09986|BoLA-DRB3*013:03|88|BOLA09986|BoLA-DRB3*013:03|88|bp
BOLA03119|BoLA-DRB3*013:01|89|BOLA03119|BoLA-DRB3*013:01|89|bp	BOLA10190|BoLA-DRB3*013:05|89|BOLA10190|BoLA-DRB3*013:05|89|bp
BOLA03120|BoLA-DRB3*014:01:01|89|BOLA03120|BoLA-DRB3*014:01:01|89|bp	BOLA03120|BoLA-DRB3*014:01:01|89|BOLA03120|BoLA-DRB3*014:01:01|89|bp
BOLA03120|BoLA-DRB3*014:01:01|89|BOLA03120|BoLA-DRB3*014:01:01|89|bp	BOLA10036|BoLA-DRB3*014:03|88|BOLA10036|BoLA-DRB3*014:03|88|bp
BOLA03120|BoLA-DRB3*014:01:01|89|BOLA03120|BoLA-DRB3*014:01:01|89|bp	BOLA10049|BoLA-DRB3*152:01|88|BOLA10049|BoLA-DRB3*152:01|88|bp
BOLA03120|BoLA-DRB3*014:01:01|89|BOLA03120|BoLA-DRB3*014:01:01|89|bp	BOLA10025|BoLA-DRB3*014:04|88|BOLA10025|BoLA-DRB3*014:04|88|bp
BOLA03121|BoLA-DRB3*014:01:02|82|BOLA03121|BoLA-DRB3*014:01:02|82|bp	BOLA03121|BoLA-DRB3*014:01:02|82|BOLA03121|BoLA-DRB3*014:01:02|82|bp
BOLA03275|BoLA-DRB3*014:02|77|BOLA03275|BoLA-DRB3*014:02|77|bp	BOLA03275|BoLA-DRB3*014:02|77|BOLA03275|BoLA-DRB3*014:02|77|bp
BOLA03122|BoLA-DRB3*015:01|89|BOLA03122|BoLA-DRB3*015:01|89|bp	BOLA03122|BoLA-DRB3*015:01|89|BOLA03122|BoLA-DRB3*015:01|89|bp
BOLA03122|BoLA-DRB3*015:01|89|BOLA03122|BoLA-DRB3*015:01|89|bp	BOLA07778|BoLA-DRB3*015:04|88|BOLA07778|BoLA-DRB3*015:04|88|bp
BOLA03122|BoLA-DRB3*015:01|89|BOLA03122|BoLA-DRB3*015:01|89|bp	BOLA07779|BoLA-DRB3*015:05|88|BOLA07779|BoLA-DRB3*015:05|88|bp
BOLA03122|BoLA-DRB3*015:01|89|BOLA03122|BoLA-DRB3*015:01|89|bp	BOLA07780|BoLA-DRB3*015:06|88|BOLA07780|BoLA-DRB3*015:06|88|bp
BOLA03122|BoLA-DRB3*015:01|89|BOLA03122|BoLA-DRB3*015:01|89|bp	BOLA10159|BoLA-DRB3*015:07|88|BOLA10159|BoLA-DRB3*015:07|88|bp
BOLA03122|BoLA-DRB3*015:01|89|BOLA03122|BoLA-DRB3*015:01|89|bp	BOLA10167|BoLA-DRB3*015:08|89|BOLA10167|BoLA-DRB3*015:08|89|bp
BOLA03122|BoLA-DRB3*015:01|89|BOLA03122|BoLA-DRB3*015:01|89|bp	BOLA10169|BoLA-DRB3*015:09|89|BOLA10169|BoLA-DRB3*015:09|89|bp
BOLA03122|BoLA-DRB3*015:01|89|BOLA03122|BoLA-DRB3*015:01|89|bp	BOLA10172|BoLA-DRB3*015:10|88|BOLA10172|BoLA-DRB3*015:10|88|bp
BOLA03122|BoLA-DRB3*015:01|89|BOLA03122|BoLA-DRB3*015:01|89|bp	BOLA10175|BoLA-DRB3*015:11|89|BOLA10175|BoLA-DRB3*015:11|89|bp
BOLA03122|BoLA-DRB3*015:01|89|BOLA03122|BoLA-DRB3*015:01|89|bp	BOLA10177|BoLA-DRB3*015:12|89|BOLA10177|BoLA-DRB3*015:12|89|bp
BOLA03122|BoLA-DRB3*015:01|89|BOLA03122|BoLA-DRB3*015:01|89|bp	BOLA10165|BoLA-DRB3*165:01|88|BOLA10165|BoLA-DRB3*165:01|88|bp
BOLA03276|BoLA-DRB3*015:03|77|BOLA03276|BoLA-DRB3*015:03|77|bp	BOLA03276|BoLA-DRB3*015:03|77|BOLA03276|BoLA-DRB3*015:03|77|bp
BOLA03276|BoLA-DRB3*015:03|77|BOLA03276|BoLA-DRB3*015:03|77|bp	BOLA03123|BoLA-DRB3*015:02|78|BOLA03123|BoLA-DRB3*015:02|78|bp
BOLA03277|BoLA-DRB3*016:02|82|BOLA03277|BoLA-DRB3*016:02|82|bp	BOLA03277|BoLA-DRB3*016:02|82|BOLA03277|BoLA-DRB3*016:02|82|bp
BOLA03125|BoLA-DRB3*017:01|89|BOLA03125|BoLA-DRB3*017:01|89|bp	BOLA03125|BoLA-DRB3*017:01|89|BOLA03125|BoLA-DRB3*017:01|89|bp
BOLA03125|BoLA-DRB3*017:01|89|BOLA03125|BoLA-DRB3*017:01|89|bp	BOLA10164|BoLA-DRB3*017:04|88|BOLA10164|BoLA-DRB3*017:04|88|bp
BOLA03125|BoLA-DRB3*017:01|89|BOLA03125|BoLA-DRB3*017:01|89|bp	BOLA10168|BoLA-DRB3*017:05|89|BOLA10168|BoLA-DRB3*017:05|89|bp
BOLA03125|BoLA-DRB3*017:01|89|BOLA03125|BoLA-DRB3*017:01|89|bp	BOLA10170|BoLA-DRB3*017:06|89|BOLA10170|BoLA-DRB3*017:06|89|bp
BOLA03125|BoLA-DRB3*017:01|89|BOLA03125|BoLA-DRB3*017:01|89|bp	BOLA10171|BoLA-DRB3*017:07|88|BOLA10171|BoLA-DRB3*017:07|88|bp
BOLA03126|BoLA-DRB3*017:02|82|BOLA03126|BoLA-DRB3*017:02|82|bp	BOLA03126|BoLA-DRB3*017:02|82|BOLA03126|BoLA-DRB3*017:02|82|bp
BOLA03127|BoLA-DRB3*017:03|82|BOLA03127|BoLA-DRB3*017:03|82|bp	BOLA03127|BoLA-DRB3*017:03|82|BOLA03127|BoLA-DRB3*017:03|82|bp
BOLA03128|BoLA-DRB3*018:01|89|BOLA03128|BoLA-DRB3*018:01|89|bp	BOLA03128|BoLA-DRB3*018:01|89|BOLA03128|BoLA-DRB3*018:01|89|bp
BOLA03128|BoLA-DRB3*018:01|89|BOLA03128|BoLA-DRB3*018:01|89|bp	BOLA09825|BoLA-DRB3*018:03|89|BOLA09825|BoLA-DRB3*018:03|89|bp
BOLA03128|BoLA-DRB3*018:01|89|BOLA03128|BoLA-DRB3*018:01|89|bp	BOLA09923|BoLA-DRB3*018:04|88|BOLA09923|BoLA-DRB3*018:04|88|bp
BOLA03128|BoLA-DRB3*018:01|89|BOLA03128|BoLA-DRB3*018:01|89|bp	BOLA10174|BoLA-DRB3*018:05|89|BOLA10174|BoLA-DRB3*018:05|89|bp
BOLA03128|BoLA-DRB3*018:01|89|BOLA03128|BoLA-DRB3*018:01|89|bp	BOLA10183|BoLA-DRB3*018:06|89|BOLA10183|BoLA-DRB3*018:06|89|bp
BOLA03129|BoLA-DRB3*018:02|82|BOLA03129|BoLA-DRB3*018:02|82|bp	BOLA03129|BoLA-DRB3*018:02|82|BOLA03129|BoLA-DRB3*018:02|82|bp
BOLA03130|BoLA-DRB3*019:01|82|BOLA03130|BoLA-DRB3*019:01|82|bp	BOLA03130|BoLA-DRB3*019:01|82|BOLA03130|BoLA-DRB3*019:01|82|bp
BOLA03278|BoLA-DRB3*019:02|89|BOLA03278|BoLA-DRB3*019:02|89|bp	BOLA03278|BoLA-DRB3*019:02|89|BOLA03278|BoLA-DRB3*019:02|89|bp
BOLA03279|BoLA-DRB3*019:03|82|BOLA03279|BoLA-DRB3*019:03|82|bp	BOLA03279|BoLA-DRB3*019:03|82|BOLA03279|BoLA-DRB3*019:03|82|bp
BOLA09877|BoLA-DRB3*019:04|88|BOLA09877|BoLA-DRB3*019:04|88|bp	BOLA09877|BoLA-DRB3*019:04|88|BOLA09877|BoLA-DRB3*019:04|88|bp
BOLA03280|BoLA-DRB3*020:04|85|BOLA03280|BoLA-DRB3*020:04|85|bp	BOLA03280|BoLA-DRB3*020:04|85|BOLA03280|BoLA-DRB3*020:04|85|bp
BOLA03280|BoLA-DRB3*020:04|85|BOLA03280|BoLA-DRB3*020:04|85|bp	BOLA03132|BoLA-DRB3*020:01:02|89|BOLA03132|BoLA-DRB3*020:01:02|89|bp
BOLA03280|BoLA-DRB3*020:04|85|BOLA03280|BoLA-DRB3*020:04|85|bp	BOLA03134|BoLA-DRB3*020:03|82|BOLA03134|BoLA-DRB3*020:03|82|bp
BOLA03280|BoLA-DRB3*020:04|85|BOLA03280|BoLA-DRB3*020:04|85|bp	BOLA09989|BoLA-DRB3*020:13|88|BOLA09989|BoLA-DRB3*020:13|88|bp
BOLA03281|BoLA-DRB3*020:05|82|BOLA03281|BoLA-DRB3*020:05|82|bp	BOLA03281|BoLA-DRB3*020:05|82|BOLA03281|BoLA-DRB3*020:05|82|bp
BOLA09190|BoLA-DRB3*020:08|89|BOLA09190|BoLA-DRB3*020:08|89|bp	BOLA09190|BoLA-DRB3*020:08|89|BOLA09190|BoLA-DRB3*020:08|89|bp
BOLA09190|BoLA-DRB3*020:08|89|BOLA09190|BoLA-DRB3*020:08|89|bp	BOLA03133|BoLA-DRB3*020:02:01|89|BOLA03133|BoLA-DRB3*020:02:01|89|bp
BOLA09190|BoLA-DRB3*020:08|89|BOLA09190|BoLA-DRB3*020:08|89|bp	BOLA03131|BoLA-DRB3*020:01:01|88|BOLA03131|BoLA-DRB3*020:01:01|88|bp
BOLA09190|BoLA-DRB3*020:08|89|BOLA09190|BoLA-DRB3*020:08|89|bp	BOLA10161|BoLA-DRB3*020:02:02|88|BOLA10161|BoLA-DRB3*020:02:02|88|bp
BOLA09190|BoLA-DRB3*020:08|89|BOLA09190|BoLA-DRB3*020:08|89|bp	BOLA09826|BoLA-DRB3*020:09|89|BOLA09826|BoLA-DRB3*020:09|89|bp
BOLA09190|BoLA-DRB3*020:08|89|BOLA09190|BoLA-DRB3*020:08|89|bp	BOLA09827|BoLA-DRB3*020:10|89|BOLA09827|BoLA-DRB3*020:10|89|bp
BOLA09190|BoLA-DRB3*020:08|89|BOLA09190|BoLA-DRB3*020:08|89|bp	BOLA09949|BoLA-DRB3*020:11|88|BOLA09949|BoLA-DRB3*020:11|88|bp
BOLA09190|BoLA-DRB3*020:08|89|BOLA09190|BoLA-DRB3*020:08|89|bp	BOLA09981|BoLA-DRB3*020:12|88|BOLA09981|BoLA-DRB3*020:12|88|bp
BOLA09190|BoLA-DRB3*020:08|89|BOLA09190|BoLA-DRB3*020:08|89|bp	BOLA03301|BoLA-DRB3*048:02|89|BOLA03301|BoLA-DRB3*048:02|89|bp
BOLA09190|BoLA-DRB3*020:08|89|BOLA09190|BoLA-DRB3*020:08|89|bp	BOLA10179|BoLA-DRB3*167:01|89|BOLA10179|BoLA-DRB3*167:01|89|bp
BOLA03135|BoLA-DRB3*021:01|108|BOLA03135|BoLA-DRB3*021:01|108|bp	BOLA03135|BoLA-DRB3*021:01|108|BOLA03135|BoLA-DRB3*021:01|108|bp
BOLA03135|BoLA-DRB3*021:01|108|BOLA03135|BoLA-DRB3*021:01|108|bp	BOLA09888|BoLA-DRB3*021:02|88|BOLA09888|BoLA-DRB3*021:02|88|bp
BOLA03135|BoLA-DRB3*021:01|108|BOLA03135|BoLA-DRB3*021:01|108|bp	BOLA10160|BoLA-DRB3*021:03|88|BOLA10160|BoLA-DRB3*021:03|88|bp
BOLA03135|BoLA-DRB3*021:01|108|BOLA03135|BoLA-DRB3*021:01|108|bp	BOLA09885|BoLA-DRB3*087:02|88|BOLA09885|BoLA-DRB3*087:02|88|bp
BOLA03135|BoLA-DRB3*021:01|108|BOLA03135|BoLA-DRB3*021:01|108|bp	BOLA09945|BoLA-DRB3*087:03|88|BOLA09945|BoLA-DRB3*087:03|88|bp
BOLA03135|BoLA-DRB3*021:01|108|BOLA03135|BoLA-DRB3*021:01|108|bp	BOLA09994|BoLA-DRB3*087:04|88|BOLA09994|BoLA-DRB3*087:04|88|bp
BOLA03136|BoLA-DRB3*022:01|108|BOLA03136|BoLA-DRB3*022:01|108|bp	BOLA03136|BoLA-DRB3*022:01|108|BOLA03136|BoLA-DRB3*022:01|108|bp
BOLA03136|BoLA-DRB3*022:01|108|BOLA03136|BoLA-DRB3*022:01|108|bp	BOLA09816|BoLA-DRB3*022:04|89|BOLA09816|BoLA-DRB3*022:04|89|bp
BOLA03136|BoLA-DRB3*022:01|108|BOLA03136|BoLA-DRB3*022:01|108|bp	BOLA09818|BoLA-DRB3*022:05|88|BOLA09818|BoLA-DRB3*022:05|88|bp
BOLA03136|BoLA-DRB3*022:01|108|BOLA03136|BoLA-DRB3*022:01|108|bp	BOLA09873|BoLA-DRB3*022:06|88|BOLA09873|BoLA-DRB3*022:06|88|bp
BOLA03136|BoLA-DRB3*022:01|108|BOLA03136|BoLA-DRB3*022:01|108|bp	BOLA09914|BoLA-DRB3*022:07|88|BOLA09914|BoLA-DRB3*022:07|88|bp
BOLA03136|BoLA-DRB3*022:01|108|BOLA03136|BoLA-DRB3*022:01|108|bp	BOLA09927|BoLA-DRB3*022:08|88|BOLA09927|BoLA-DRB3*022:08|88|bp
BOLA03136|BoLA-DRB3*022:01|108|BOLA03136|BoLA-DRB3*022:01|108|bp	BOLA09993|BoLA-DRB3*022:10|88|BOLA09993|BoLA-DRB3*022:10|88|bp
BOLA03136|BoLA-DRB3*022:01|108|BOLA03136|BoLA-DRB3*022:01|108|bp	BOLA10031|BoLA-DRB3*022:14|88|BOLA10031|BoLA-DRB3*022:14|88|bp
BOLA03137|BoLA-DRB3*022:02|82|BOLA03137|BoLA-DRB3*022:02|82|bp	BOLA03137|BoLA-DRB3*022:02|82|BOLA03137|BoLA-DRB3*022:02|82|bp
BOLA03282|BoLA-DRB3*022:03|77|BOLA03282|BoLA-DRB3*022:03|77|bp	BOLA03282|BoLA-DRB3*022:03|77|BOLA03282|BoLA-DRB3*022:03|77|bp
BOLA09955|BoLA-DRB3*022:09|88|BOLA09955|BoLA-DRB3*022:09|88|bp	BOLA09955|BoLA-DRB3*022:09|88|BOLA09955|BoLA-DRB3*022:09|88|bp
BOLA09955|BoLA-DRB3*022:09|88|BOLA09955|BoLA-DRB3*022:09|88|bp	BOLA09813|BoLA-DRB3*022:15|89|BOLA09813|BoLA-DRB3*022:15|89|bp
BOLA10020|BoLA-DRB3*022:11|88|BOLA10020|BoLA-DRB3*022:11|88|bp	BOLA10020|BoLA-DRB3*022:11|88|BOLA10020|BoLA-DRB3*022:11|88|bp
BOLA10020|BoLA-DRB3*022:11|88|BOLA10020|BoLA-DRB3*022:11|88|bp	BOLA10021|BoLA-DRB3*022:12|88|BOLA10021|BoLA-DRB3*022:12|88|bp
BOLA10020|BoLA-DRB3*022:11|88|BOLA10020|BoLA-DRB3*022:11|88|bp	BOLA10030|BoLA-DRB3*022:13|88|BOLA10030|BoLA-DRB3*022:13|88|bp
BOLA10191|BoLA-DRB3*023:02|82|BOLA10191|BoLA-DRB3*023:02|82|bp	BOLA10191|BoLA-DRB3*023:02|82|BOLA10191|BoLA-DRB3*023:02|82|bp
BOLA10191|BoLA-DRB3*023:02|82|BOLA10191|BoLA-DRB3*023:02|82|bp	BOLA03138|BoLA-DRB3*023:01|82|BOLA03138|BoLA-DRB3*023:01|82|bp
BOLA03139|BoLA-DRB3*024:01|89|BOLA03139|BoLA-DRB3*024:01|89|bp	BOLA03139|BoLA-DRB3*024:01|89|BOLA03139|BoLA-DRB3*024:01|89|bp
BOLA03139|BoLA-DRB3*024:01|89|BOLA03139|BoLA-DRB3*024:01|89|bp	BOLA03284|BoLA-DRB3*024:03|89|BOLA03284|BoLA-DRB3*024:03|89|bp
BOLA03139|BoLA-DRB3*024:01|89|BOLA03139|BoLA-DRB3*024:01|89|bp	BOLA09808|BoLA-DRB3*024:04|89|BOLA09808|BoLA-DRB3*024:04|89|bp
BOLA03139|BoLA-DRB3*024:01|89|BOLA03139|BoLA-DRB3*024:01|89|bp	BOLA09809|BoLA-DRB3*024:05|89|BOLA09809|BoLA-DRB3*024:05|89|bp
BOLA03139|BoLA-DRB3*024:01|89|BOLA03139|BoLA-DRB3*024:01|89|bp	BOLA09829|BoLA-DRB3*024:07|89|BOLA09829|BoLA-DRB3*024:07|89|bp
BOLA03139|BoLA-DRB3*024:01|89|BOLA03139|BoLA-DRB3*024:01|89|bp	BOLA09875|BoLA-DRB3*024:08|88|BOLA09875|BoLA-DRB3*024:08|88|bp
BOLA03139|BoLA-DRB3*024:01|89|BOLA03139|BoLA-DRB3*024:01|89|bp	BOLA09876|BoLA-DRB3*024:09|88|BOLA09876|BoLA-DRB3*024:09|88|bp
BOLA03139|BoLA-DRB3*024:01|89|BOLA03139|BoLA-DRB3*024:01|89|bp	BOLA09881|BoLA-DRB3*024:10|88|BOLA09881|BoLA-DRB3*024:10|88|bp
BOLA03139|BoLA-DRB3*024:01|89|BOLA03139|BoLA-DRB3*024:01|89|bp	BOLA09889|BoLA-DRB3*024:11|88|BOLA09889|BoLA-DRB3*024:11|88|bp
BOLA03139|BoLA-DRB3*024:01|89|BOLA03139|BoLA-DRB3*024:01|89|bp	BOLA09905|BoLA-DRB3*024:12|88|BOLA09905|BoLA-DRB3*024:12|88|bp
BOLA03139|BoLA-DRB3*024:01|89|BOLA03139|BoLA-DRB3*024:01|89|bp	BOLA09926|BoLA-DRB3*024:13|88|BOLA09926|BoLA-DRB3*024:13|88|bp
BOLA03139|BoLA-DRB3*024:01|89|BOLA03139|BoLA-DRB3*024:01|89|bp	BOLA09929|BoLA-DRB3*024:14|88|BOLA09929|BoLA-DRB3*024:14|88|bp
BOLA03139|BoLA-DRB3*024:01|89|BOLA03139|BoLA-DRB3*024:01|89|bp	BOLA09932|BoLA-DRB3*024:16|88|BOLA09932|BoLA-DRB3*024:16|88|bp
BOLA03139|BoLA-DRB3*024:01|89|BOLA03139|BoLA-DRB3*024:01|89|bp	BOLA09937|BoLA-DRB3*024:17|88|BOLA09937|BoLA-DRB3*024:17|88|bp
BOLA03139|BoLA-DRB3*024:01|89|BOLA03139|BoLA-DRB3*024:01|89|bp	BOLA09938|BoLA-DRB3*024:18|88|BOLA09938|BoLA-DRB3*024:18|88|bp
BOLA03139|BoLA-DRB3*024:01|89|BOLA03139|BoLA-DRB3*024:01|89|bp	BOLA09941|BoLA-DRB3*024:20|88|BOLA09941|BoLA-DRB3*024:20|88|bp
BOLA03139|BoLA-DRB3*024:01|89|BOLA03139|BoLA-DRB3*024:01|89|bp	BOLA09985|BoLA-DRB3*024:23|88|BOLA09985|BoLA-DRB3*024:23|88|bp
BOLA03139|BoLA-DRB3*024:01|89|BOLA03139|BoLA-DRB3*024:01|89|bp	BOLA10000|BoLA-DRB3*024:24|88|BOLA10000|BoLA-DRB3*024:24|88|bp
BOLA03139|BoLA-DRB3*024:01|89|BOLA03139|BoLA-DRB3*024:01|89|bp	BOLA10008|BoLA-DRB3*024:25|88|BOLA10008|BoLA-DRB3*024:25|88|bp
BOLA03139|BoLA-DRB3*024:01|89|BOLA03139|BoLA-DRB3*024:01|89|bp	BOLA10019|BoLA-DRB3*024:26|88|BOLA10019|BoLA-DRB3*024:26|88|bp
BOLA03139|BoLA-DRB3*024:01|89|BOLA03139|BoLA-DRB3*024:01|89|bp	BOLA10032|BoLA-DRB3*024:27|88|BOLA10032|BoLA-DRB3*024:27|88|bp
BOLA03139|BoLA-DRB3*024:01|89|BOLA03139|BoLA-DRB3*024:01|89|bp	BOLA10037|BoLA-DRB3*024:28|88|BOLA10037|BoLA-DRB3*024:28|88|bp
BOLA03139|BoLA-DRB3*024:01|89|BOLA03139|BoLA-DRB3*024:01|89|bp	BOLA10038|BoLA-DRB3*024:29|88|BOLA10038|BoLA-DRB3*024:29|88|bp
BOLA03139|BoLA-DRB3*024:01|89|BOLA03139|BoLA-DRB3*024:01|89|bp	BOLA09806|BoLA-DRB3*024:32|89|BOLA09806|BoLA-DRB3*024:32|89|bp
BOLA03139|BoLA-DRB3*024:01|89|BOLA03139|BoLA-DRB3*024:01|89|bp	BOLA10047|BoLA-DRB3*150:01|88|BOLA10047|BoLA-DRB3*150:01|88|bp
BOLA03139|BoLA-DRB3*024:01|89|BOLA03139|BoLA-DRB3*024:01|89|bp	BOLA10181|BoLA-DRB3*024:33|88|BOLA10181|BoLA-DRB3*024:33|88|bp
BOLA03283|BoLA-DRB3*024:02|82|BOLA03283|BoLA-DRB3*024:02|82|bp	BOLA03283|BoLA-DRB3*024:02|82|BOLA03283|BoLA-DRB3*024:02|82|bp
BOLA09931|BoLA-DRB3*024:15|88|BOLA09931|BoLA-DRB3*024:15|88|bp	BOLA09931|BoLA-DRB3*024:15|88|BOLA09931|BoLA-DRB3*024:15|88|bp
BOLA09940|BoLA-DRB3*024:19|88|BOLA09940|BoLA-DRB3*024:19|88|bp	BOLA09940|BoLA-DRB3*024:19|88|BOLA09940|BoLA-DRB3*024:19|88|bp
BOLA09952|BoLA-DRB3*024:22|88|BOLA09952|BoLA-DRB3*024:22|88|bp	BOLA09952|BoLA-DRB3*024:22|88|BOLA09952|BoLA-DRB3*024:22|88|bp
BOLA03141|BoLA-DRB3*025:01:02|82|BOLA03141|BoLA-DRB3*025:01:02|82|bp	BOLA03141|BoLA-DRB3*025:01:02|82|BOLA03141|BoLA-DRB3*025:01:02|82|bp
BOLA03141|BoLA-DRB3*025:01:02|82|BOLA03141|BoLA-DRB3*025:01:02|82|bp	BOLA03140|BoLA-DRB3*025:01:01|82|BOLA03140|BoLA-DRB3*025:01:01|82|bp
BOLA03285|BoLA-DRB3*025:02|74|BOLA03285|BoLA-DRB3*025:02|74|bp	BOLA03285|BoLA-DRB3*025:02|74|BOLA03285|BoLA-DRB3*025:02|74|bp
BOLA03147|BoLA-DRB3*027:05|82|BOLA03147|BoLA-DRB3*027:05|82|bp	BOLA03147|BoLA-DRB3*027:05|82|BOLA03147|BoLA-DRB3*027:05|82|bp
BOLA03147|BoLA-DRB3*027:05|82|BOLA03147|BoLA-DRB3*027:05|82|bp	BOLA03144|BoLA-DRB3*027:02|82|BOLA03144|BoLA-DRB3*027:02|82|bp
BOLA03148|BoLA-DRB3*027:06|77|BOLA03148|BoLA-DRB3*027:06|77|bp	BOLA03148|BoLA-DRB3*027:06|77|BOLA03148|BoLA-DRB3*027:06|77|bp
BOLA03148|BoLA-DRB3*027:06|77|BOLA03148|BoLA-DRB3*027:06|77|bp	BOLA03143|BoLA-DRB3*027:01|78|BOLA03143|BoLA-DRB3*027:01|78|bp
BOLA03287|BoLA-DRB3*027:08|82|BOLA03287|BoLA-DRB3*027:08|82|bp	BOLA03287|BoLA-DRB3*027:08|82|BOLA03287|BoLA-DRB3*027:08|82|bp
BOLA03287|BoLA-DRB3*027:08|82|BOLA03287|BoLA-DRB3*027:08|82|bp	BOLA03146|BoLA-DRB3*027:04|82|BOLA03146|BoLA-DRB3*027:04|82|bp
BOLA03289|BoLA-DRB3*027:10|89|BOLA03289|BoLA-DRB3*027:10|89|bp	BOLA03289|BoLA-DRB3*027:10|89|BOLA03289|BoLA-DRB3*027:10|89|bp
BOLA03289|BoLA-DRB3*027:10|89|BOLA03289|BoLA-DRB3*027:10|89|bp	BOLA09946|BoLA-DRB3*024:21|88|BOLA09946|BoLA-DRB3*024:21|88|bp
BOLA03289|BoLA-DRB3*027:10|89|BOLA03289|BoLA-DRB3*027:10|89|bp	BOLA03145|BoLA-DRB3*027:03|259|BOLA03145|BoLA-DRB3*027:03|259|bp
BOLA03289|BoLA-DRB3*027:10|89|BOLA03289|BoLA-DRB3*027:10|89|bp	BOLA03286|BoLA-DRB3*027:07|89|BOLA03286|BoLA-DRB3*027:07|89|bp
BOLA03289|BoLA-DRB3*027:10|89|BOLA03289|BoLA-DRB3*027:10|89|bp	BOLA03288|BoLA-DRB3*027:09|89|BOLA03288|BoLA-DRB3*027:09|89|bp
BOLA03289|BoLA-DRB3*027:10|89|BOLA03289|BoLA-DRB3*027:10|89|bp	BOLA09943|BoLA-DRB3*027:12|88|BOLA09943|BoLA-DRB3*027:12|88|bp
BOLA03289|BoLA-DRB3*027:10|89|BOLA03289|BoLA-DRB3*027:10|89|bp	BOLA09804|BoLA-DRB3*027:18|89|BOLA09804|BoLA-DRB3*027:18|89|bp
BOLA03289|BoLA-DRB3*027:10|89|BOLA03289|BoLA-DRB3*027:10|89|bp	BOLA09807|BoLA-DRB3*027:19|89|BOLA09807|BoLA-DRB3*027:19|89|bp
BOLA03289|BoLA-DRB3*027:10|89|BOLA03289|BoLA-DRB3*027:10|89|bp	BOLA09810|BoLA-DRB3*027:20|89|BOLA09810|BoLA-DRB3*027:20|89|bp
BOLA03289|BoLA-DRB3*027:10|89|BOLA03289|BoLA-DRB3*027:10|89|bp	BOLA09965|BoLA-DRB3*027:14|88|BOLA09965|BoLA-DRB3*027:14|88|bp
BOLA03289|BoLA-DRB3*027:10|89|BOLA03289|BoLA-DRB3*027:10|89|bp	BOLA09944|BoLA-DRB3*027:13|88|BOLA09944|BoLA-DRB3*027:13|88|bp
BOLA03289|BoLA-DRB3*027:10|89|BOLA03289|BoLA-DRB3*027:10|89|bp	BOLA10001|BoLA-DRB3*027:15|88|BOLA10001|BoLA-DRB3*027:15|88|bp
BOLA03289|BoLA-DRB3*027:10|89|BOLA03289|BoLA-DRB3*027:10|89|bp	BOLA09896|BoLA-DRB3*027:21|88|BOLA09896|BoLA-DRB3*027:21|88|bp
BOLA03289|BoLA-DRB3*027:10|89|BOLA03289|BoLA-DRB3*027:10|89|bp	BOLA09953|BoLA-DRB3*113:01|88|BOLA09953|BoLA-DRB3*113:01|88|bp
BOLA03289|BoLA-DRB3*027:10|89|BOLA03289|BoLA-DRB3*027:10|89|bp	BOLA09984|BoLA-DRB3*126:01|88|BOLA09984|BoLA-DRB3*126:01|88|bp
BOLA10017|BoLA-DRB3*027:16|88|BOLA10017|BoLA-DRB3*027:16|88|bp	BOLA10017|BoLA-DRB3*027:16|88|BOLA10017|BoLA-DRB3*027:16|88|bp
BOLA10017|BoLA-DRB3*027:16|88|BOLA10017|BoLA-DRB3*027:16|88|bp	BOLA09903|BoLA-DRB3*027:11|88|BOLA09903|BoLA-DRB3*027:11|88|bp
BOLA10017|BoLA-DRB3*027:16|88|BOLA10017|BoLA-DRB3*027:16|88|bp	BOLA09974|BoLA-DRB3*086:04|88|BOLA09974|BoLA-DRB3*086:04|88|bp
BOLA10028|BoLA-DRB3*027:17|88|BOLA10028|BoLA-DRB3*027:17|88|bp	BOLA10028|BoLA-DRB3*027:17|88|BOLA10028|BoLA-DRB3*027:17|88|bp
BOLA03149|BoLA-DRB3*028:01|108|BOLA03149|BoLA-DRB3*028:01|108|bp	BOLA03149|BoLA-DRB3*028:01|108|BOLA03149|BoLA-DRB3*028:01|108|bp
BOLA03149|BoLA-DRB3*028:01|108|BOLA03149|BoLA-DRB3*028:01|108|bp	BOLA03150|BoLA-DRB3*028:02|89|BOLA03150|BoLA-DRB3*028:02|89|bp
BOLA03149|BoLA-DRB3*028:01|108|BOLA03149|BoLA-DRB3*028:01|108|bp	BOLA09815|BoLA-DRB3*028:03|89|BOLA09815|BoLA-DRB3*028:03|89|bp
BOLA03149|BoLA-DRB3*028:01|108|BOLA03149|BoLA-DRB3*028:01|108|bp	BOLA09886|BoLA-DRB3*028:04|88|BOLA09886|BoLA-DRB3*028:04|88|bp
BOLA03149|BoLA-DRB3*028:01|108|BOLA03149|BoLA-DRB3*028:01|108|bp	BOLA09930|BoLA-DRB3*028:05|88|BOLA09930|BoLA-DRB3*028:05|88|bp
BOLA03149|BoLA-DRB3*028:01|108|BOLA03149|BoLA-DRB3*028:01|108|bp	BOLA10018|BoLA-DRB3*028:06|88|BOLA10018|BoLA-DRB3*028:06|88|bp
BOLA03149|BoLA-DRB3*028:01|108|BOLA03149|BoLA-DRB3*028:01|108|bp	BOLA10056|BoLA-DRB3*158:01|88|BOLA10056|BoLA-DRB3*158:01|88|bp
BOLA03151|BoLA-DRB3*029:01|82|BOLA03151|BoLA-DRB3*029:01|82|bp	BOLA03151|BoLA-DRB3*029:01|82|BOLA03151|BoLA-DRB3*029:01|82|bp
BOLA09802|BoLA-DRB3*029:02|89|BOLA09802|BoLA-DRB3*029:02|89|bp	BOLA09802|BoLA-DRB3*029:02|89|BOLA09802|BoLA-DRB3*029:02|89|bp
BOLA03153|BoLA-DRB3*030:02|82|BOLA03153|BoLA-DRB3*030:02|82|bp	BOLA03153|BoLA-DRB3*030:02|82|BOLA03153|BoLA-DRB3*030:02|82|bp
BOLA03153|BoLA-DRB3*030:02|82|BOLA03153|BoLA-DRB3*030:02|82|bp	BOLA03152|BoLA-DRB3*030:01|82|BOLA03152|BoLA-DRB3*030:01|82|bp
BOLA03268|BoLA-DRB3*030:22|77|BOLA03268|BoLA-DRB3*030:22|77|bp	BOLA03268|BoLA-DRB3*030:22|77|BOLA03268|BoLA-DRB3*030:22|77|bp
BOLA03154|BoLA-DRB3*031:01|217|BOLA03154|BoLA-DRB3*031:01|217|bp	BOLA03154|BoLA-DRB3*031:01|217|BOLA03154|BoLA-DRB3*031:01|217|bp
BOLA03154|BoLA-DRB3*031:01|217|BOLA03154|BoLA-DRB3*031:01|217|bp	BOLA03242|BoLA-DRB3*031:03|89|BOLA03242|BoLA-DRB3*031:03|89|bp
BOLA03154|BoLA-DRB3*031:01|217|BOLA03154|BoLA-DRB3*031:01|217|bp	BOLA07784|BoLA-DRB3*031:04|88|BOLA07784|BoLA-DRB3*031:04|88|bp
BOLA03290|BoLA-DRB3*031:02|77|BOLA03290|BoLA-DRB3*031:02|77|bp	BOLA03290|BoLA-DRB3*031:02|77|BOLA03290|BoLA-DRB3*031:02|77|bp
BOLA03156|BoLA-DRB3*032:02|86|BOLA03156|BoLA-DRB3*032:02|86|bp	BOLA03156|BoLA-DRB3*032:02|86|BOLA03156|BoLA-DRB3*032:02|86|bp
BOLA03156|BoLA-DRB3*032:02|86|BOLA03156|BoLA-DRB3*032:02|86|bp	BOLA03155|BoLA-DRB3*032:01|181|BOLA03155|BoLA-DRB3*032:01|181|bp
BOLA03156|BoLA-DRB3*032:02|86|BOLA03156|BoLA-DRB3*032:02|86|bp	BOLA03291|BoLA-DRB3*032:03|82|BOLA03291|BoLA-DRB3*032:03|82|bp
BOLA03157|BoLA-DRB3*033:01|81|BOLA03157|BoLA-DRB3*033:01|81|bp	BOLA03157|BoLA-DRB3*033:01|81|BOLA03157|BoLA-DRB3*033:01|81|bp
BOLA03159|BoLA-DRB3*034:02|82|BOLA03159|BoLA-DRB3*034:02|82|bp	BOLA03159|BoLA-DRB3*034:02|82|BOLA03159|BoLA-DRB3*034:02|82|bp
BOLA03160|BoLA-DRB3*035:01|89|BOLA03160|BoLA-DRB3*035:01|89|bp	BOLA03160|BoLA-DRB3*035:01|89|BOLA03160|BoLA-DRB3*035:01|89|bp
BOLA03161|BoLA-DRB3*036:01|89|BOLA03161|BoLA-DRB3*036:01|89|bp	BOLA03161|BoLA-DRB3*036:01|89|BOLA03161|BoLA-DRB3*036:01|89|bp
BOLA03162|BoLA-DRB3*037:01|77|BOLA03162|BoLA-DRB3*037:01|77|bp	BOLA03162|BoLA-DRB3*037:01|77|BOLA03162|BoLA-DRB3*037:01|77|bp
BOLA03163|BoLA-DRB3*038:01|77|BOLA03163|BoLA-DRB3*038:01|77|bp	BOLA03163|BoLA-DRB3*038:01|77|BOLA03163|BoLA-DRB3*038:01|77|bp
BOLA03164|BoLA-DRB3*039:01|77|BOLA03164|BoLA-DRB3*039:01|77|bp	BOLA03164|BoLA-DRB3*039:01|77|BOLA03164|BoLA-DRB3*039:01|77|bp
BOLA03165|BoLA-DRB3*040:01|82|BOLA03165|BoLA-DRB3*040:01|82|bp	BOLA03165|BoLA-DRB3*040:01|82|BOLA03165|BoLA-DRB3*040:01|82|bp
BOLA03293|BoLA-DRB3*041:01|87|BOLA03293|BoLA-DRB3*041:01|87|bp	BOLA03293|BoLA-DRB3*041:01|87|BOLA03293|BoLA-DRB3*041:01|87|bp
BOLA03294|BoLA-DRB3*042:01|82|BOLA03294|BoLA-DRB3*042:01|82|bp	BOLA03294|BoLA-DRB3*042:01|82|BOLA03294|BoLA-DRB3*042:01|82|bp
BOLA03245|BoLA-DRB3*043:03|89|BOLA03245|BoLA-DRB3*043:03|89|bp	BOLA03245|BoLA-DRB3*043:03|89|BOLA03245|BoLA-DRB3*043:03|89|bp
BOLA03245|BoLA-DRB3*043:03|89|BOLA03245|BoLA-DRB3*043:03|89|bp	BOLA03295|BoLA-DRB3*043:01|89|BOLA03295|BoLA-DRB3*043:01|89|bp
BOLA03245|BoLA-DRB3*043:03|89|BOLA03245|BoLA-DRB3*043:03|89|bp	BOLA09192|BoLA-DRB3*034:03|89|BOLA09192|BoLA-DRB3*034:03|89|bp
BOLA03245|BoLA-DRB3*043:03|89|BOLA03245|BoLA-DRB3*043:03|89|bp	BOLA03158|BoLA-DRB3*034:01|89|BOLA03158|BoLA-DRB3*034:01|89|bp
BOLA03245|BoLA-DRB3*043:03|89|BOLA03245|BoLA-DRB3*043:03|89|bp	BOLA03228|BoLA-DRB3*043:02|89|BOLA03228|BoLA-DRB3*043:02|89|bp
BOLA03245|BoLA-DRB3*043:03|89|BOLA03245|BoLA-DRB3*043:03|89|bp	BOLA03244|BoLA-DRB3*066:01|89|BOLA03244|BoLA-DRB3*066:01|89|bp
BOLA03296|BoLA-DRB3*044:01|89|BOLA03296|BoLA-DRB3*044:01|89|bp	BOLA03296|BoLA-DRB3*044:01|89|BOLA03296|BoLA-DRB3*044:01|89|bp
BOLA03297|BoLA-DRB3*045:01|89|BOLA03297|BoLA-DRB3*045:01|89|bp	BOLA03297|BoLA-DRB3*045:01|89|BOLA03297|BoLA-DRB3*045:01|89|bp
BOLA03298|BoLA-DRB3*046:01:01|82|BOLA03298|BoLA-DRB3*046:01:01|82|bp	BOLA03298|BoLA-DRB3*046:01:01|82|BOLA03298|BoLA-DRB3*046:01:01|82|bp
BOLA03299|BoLA-DRB3*047:01|82|BOLA03299|BoLA-DRB3*047:01|82|bp	BOLA03299|BoLA-DRB3*047:01|82|BOLA03299|BoLA-DRB3*047:01|82|bp
BOLA03300|BoLA-DRB3*048:01|77|BOLA03300|BoLA-DRB3*048:01|77|bp	BOLA03300|BoLA-DRB3*048:01|77|BOLA03300|BoLA-DRB3*048:01|77|bp
BOLA03302|BoLA-DRB3*049:01|77|BOLA03302|BoLA-DRB3*049:01|77|bp	BOLA03302|BoLA-DRB3*049:01|77|BOLA03302|BoLA-DRB3*049:01|77|bp
BOLA03303|BoLA-DRB3*050:01|77|BOLA03303|BoLA-DRB3*050:01|77|bp	BOLA03303|BoLA-DRB3*050:01|77|BOLA03303|BoLA-DRB3*050:01|77|bp
BOLA03225|BoLA-DRB3*051:01|88|BOLA03225|BoLA-DRB3*051:01|88|bp	BOLA03225|BoLA-DRB3*051:01|88|BOLA03225|BoLA-DRB3*051:01|88|bp
BOLA03238|BoLA-DRB3*057:02|89|BOLA03238|BoLA-DRB3*057:02|89|bp	BOLA03238|BoLA-DRB3*057:02|89|BOLA03238|BoLA-DRB3*057:02|89|bp
BOLA03238|BoLA-DRB3*057:02|89|BOLA03238|BoLA-DRB3*057:02|89|bp	BOLA03233|BoLA-DRB3*057:01|89|BOLA03233|BoLA-DRB3*057:01|89|bp
BOLA03234|BoLA-DRB3*058:01|89|BOLA03234|BoLA-DRB3*058:01|89|bp	BOLA03234|BoLA-DRB3*058:01|89|BOLA03234|BoLA-DRB3*058:01|89|bp
BOLA03235|BoLA-DRB3*059:01|89|BOLA03235|BoLA-DRB3*059:01|89|bp	BOLA03235|BoLA-DRB3*059:01|89|BOLA03235|BoLA-DRB3*059:01|89|bp
BOLA03236|BoLA-DRB3*060:01|89|BOLA03236|BoLA-DRB3*060:01|89|bp	BOLA03236|BoLA-DRB3*060:01|89|BOLA03236|BoLA-DRB3*060:01|89|bp
BOLA03237|BoLA-DRB3*061:01|89|BOLA03237|BoLA-DRB3*061:01|89|bp	BOLA03237|BoLA-DRB3*061:01|89|BOLA03237|BoLA-DRB3*061:01|89|bp
BOLA03239|BoLA-DRB3*062:01|89|BOLA03239|BoLA-DRB3*062:01|89|bp	BOLA03239|BoLA-DRB3*062:01|89|BOLA03239|BoLA-DRB3*062:01|89|bp
BOLA03246|BoLA-DRB3*064:02|89|BOLA03246|BoLA-DRB3*064:02|89|bp	BOLA03246|BoLA-DRB3*064:02|89|BOLA03246|BoLA-DRB3*064:02|89|bp
BOLA03246|BoLA-DRB3*064:02|89|BOLA03246|BoLA-DRB3*064:02|89|bp	BOLA03292|BoLA-DRB3*040:02|89|BOLA03292|BoLA-DRB3*040:02|89|bp
BOLA03246|BoLA-DRB3*064:02|89|BOLA03246|BoLA-DRB3*064:02|89|bp	BOLA03241|BoLA-DRB3*064:01|89|BOLA03241|BoLA-DRB3*064:01|89|bp
BOLA03246|BoLA-DRB3*064:02|89|BOLA03246|BoLA-DRB3*064:02|89|bp	BOLA09803|BoLA-DRB3*064:03|89|BOLA09803|BoLA-DRB3*064:03|89|bp
BOLA03243|BoLA-DRB3*065:01|89|BOLA03243|BoLA-DRB3*065:01|89|bp	BOLA03243|BoLA-DRB3*065:01|89|BOLA03243|BoLA-DRB3*065:01|89|bp
BOLA07782|BoLA-DRB3*068:01|88|BOLA07782|BoLA-DRB3*068:01|88|bp	BOLA07782|BoLA-DRB3*068:01|88|BOLA07782|BoLA-DRB3*068:01|88|bp
BOLA07783|BoLA-DRB3*069:01|88|BOLA07783|BoLA-DRB3*069:01|88|bp	BOLA07783|BoLA-DRB3*069:01|88|BOLA07783|BoLA-DRB3*069:01|88|bp
BOLA07785|BoLA-DRB3*070:01|88|BOLA07785|BoLA-DRB3*070:01|88|bp	BOLA07785|BoLA-DRB3*070:01|88|BOLA07785|BoLA-DRB3*070:01|88|bp
BOLA07803|BoLA-DRB3*071:01|88|BOLA07803|BoLA-DRB3*071:01|88|bp	BOLA07803|BoLA-DRB3*071:01|88|BOLA07803|BoLA-DRB3*071:01|88|bp
BOLA09188|BoLA-DRB3*072:01|89|BOLA09188|BoLA-DRB3*072:01|89|bp	BOLA09188|BoLA-DRB3*072:01|89|BOLA09188|BoLA-DRB3*072:01|89|bp
BOLA09189|BoLA-DRB3*073:01|89|BOLA09189|BoLA-DRB3*073:01|89|bp	BOLA09189|BoLA-DRB3*073:01|89|BOLA09189|BoLA-DRB3*073:01|89|bp
BOLA09814|BoLA-DRB3*074:01|89|BOLA09814|BoLA-DRB3*074:01|89|bp	BOLA09814|BoLA-DRB3*074:01|89|BOLA09814|BoLA-DRB3*074:01|89|bp
BOLA09817|BoLA-DRB3*075:01|89|BOLA09817|BoLA-DRB3*075:01|89|bp	BOLA09817|BoLA-DRB3*075:01|89|BOLA09817|BoLA-DRB3*075:01|89|bp
BOLA09820|BoLA-DRB3*075:03|89|BOLA09820|BoLA-DRB3*075:03|89|bp	BOLA09820|BoLA-DRB3*075:03|89|BOLA09820|BoLA-DRB3*075:03|89|bp
BOLA09820|BoLA-DRB3*075:03|89|BOLA09820|BoLA-DRB3*075:03|89|bp	BOLA09819|BoLA-DRB3*075:02|89|BOLA09819|BoLA-DRB3*075:02|89|bp
BOLA09821|BoLA-DRB3*076:01|89|BOLA09821|BoLA-DRB3*076:01|89|bp	BOLA09821|BoLA-DRB3*076:01|89|BOLA09821|BoLA-DRB3*076:01|89|bp
BOLA09822|BoLA-DRB3*077:01|89|BOLA09822|BoLA-DRB3*077:01|89|bp	BOLA09822|BoLA-DRB3*077:01|89|BOLA09822|BoLA-DRB3*077:01|89|bp
BOLA09822|BoLA-DRB3*077:01|89|BOLA09822|BoLA-DRB3*077:01|89|bp	BOLA09828|BoLA-DRB3*077:02|89|BOLA09828|BoLA-DRB3*077:02|89|bp
BOLA09824|BoLA-DRB3*078:01|89|BOLA09824|BoLA-DRB3*078:01|89|bp	BOLA09824|BoLA-DRB3*078:01|89|BOLA09824|BoLA-DRB3*078:01|89|bp
BOLA09869|BoLA-DRB3*079:01|86|BOLA09869|BoLA-DRB3*079:01|86|bp	BOLA09869|BoLA-DRB3*079:01|86|BOLA09869|BoLA-DRB3*079:01|86|bp
BOLA09919|BoLA-DRB3*081:03|88|BOLA09919|BoLA-DRB3*081:03|88|bp	BOLA09919|BoLA-DRB3*081:03|88|BOLA09919|BoLA-DRB3*081:03|88|bp
BOLA09919|BoLA-DRB3*081:03|88|BOLA09919|BoLA-DRB3*081:03|88|bp	BOLA09907|BoLA-DRB3*081:02|88|BOLA09907|BoLA-DRB3*081:02|88|bp
BOLA09919|BoLA-DRB3*081:03|88|BOLA09919|BoLA-DRB3*081:03|88|bp	BOLA09872|BoLA-DRB3*081:01|88|BOLA09872|BoLA-DRB3*081:01|88|bp
BOLA09878|BoLA-DRB3*083:01|88|BOLA09878|BoLA-DRB3*083:01|88|bp	BOLA09878|BoLA-DRB3*083:01|88|BOLA09878|BoLA-DRB3*083:01|88|bp
BOLA09887|BoLA-DRB3*085:02|88|BOLA09887|BoLA-DRB3*085:02|88|bp	BOLA09887|BoLA-DRB3*085:02|88|BOLA09887|BoLA-DRB3*085:02|88|bp
BOLA09887|BoLA-DRB3*085:02|88|BOLA09887|BoLA-DRB3*085:02|88|bp	BOLA09880|BoLA-DRB3*085:01|88|BOLA09880|BoLA-DRB3*085:01|88|bp
BOLA09892|BoLA-DRB3*086:02|88|BOLA09892|BoLA-DRB3*086:02|88|bp	BOLA09892|BoLA-DRB3*086:02|88|BOLA09892|BoLA-DRB3*086:02|88|bp
BOLA09892|BoLA-DRB3*086:02|88|BOLA09892|BoLA-DRB3*086:02|88|bp	BOLA09882|BoLA-DRB3*086:01|88|BOLA09882|BoLA-DRB3*086:01|88|bp
BOLA09892|BoLA-DRB3*086:02|88|BOLA09892|BoLA-DRB3*086:02|88|bp	BOLA09901|BoLA-DRB3*086:03|88|BOLA09901|BoLA-DRB3*086:03|88|bp
BOLA09892|BoLA-DRB3*086:02|88|BOLA09892|BoLA-DRB3*086:02|88|bp	BOLA09968|BoLA-DRB3*120:01|88|BOLA09968|BoLA-DRB3*120:01|88|bp
BOLA09883|BoLA-DRB3*087:01|88|BOLA09883|BoLA-DRB3*087:01|88|bp	BOLA09883|BoLA-DRB3*087:01|88|BOLA09883|BoLA-DRB3*087:01|88|bp
BOLA10039|BoLA-DRB3*088:02|88|BOLA10039|BoLA-DRB3*088:02|88|bp	BOLA10039|BoLA-DRB3*088:02|88|BOLA10039|BoLA-DRB3*088:02|88|bp
BOLA10039|BoLA-DRB3*088:02|88|BOLA10039|BoLA-DRB3*088:02|88|bp	BOLA09884|BoLA-DRB3*088:01|88|BOLA09884|BoLA-DRB3*088:01|88|bp
BOLA09890|BoLA-DRB3*089:01|88|BOLA09890|BoLA-DRB3*089:01|88|bp	BOLA09890|BoLA-DRB3*089:01|88|BOLA09890|BoLA-DRB3*089:01|88|bp
BOLA10040|BoLA-DRB3*090:04|88|BOLA10040|BoLA-DRB3*090:04|88|bp	BOLA10040|BoLA-DRB3*090:04|88|BOLA10040|BoLA-DRB3*090:04|88|bp
BOLA10040|BoLA-DRB3*090:04|88|BOLA10040|BoLA-DRB3*090:04|88|bp	BOLA09891|BoLA-DRB3*090:01|88|BOLA09891|BoLA-DRB3*090:01|88|bp
BOLA10040|BoLA-DRB3*090:04|88|BOLA10040|BoLA-DRB3*090:04|88|bp	BOLA09893|BoLA-DRB3*090:02|88|BOLA09893|BoLA-DRB3*090:02|88|bp
BOLA10040|BoLA-DRB3*090:04|88|BOLA10040|BoLA-DRB3*090:04|88|bp	BOLA09908|BoLA-DRB3*090:03|88|BOLA09908|BoLA-DRB3*090:03|88|bp
BOLA10040|BoLA-DRB3*090:04|88|BOLA10040|BoLA-DRB3*090:04|88|bp	BOLA10041|BoLA-DRB3*090:05|88|BOLA10041|BoLA-DRB3*090:05|88|bp
BOLA10040|BoLA-DRB3*090:04|88|BOLA10040|BoLA-DRB3*090:04|88|bp	BOLA10050|BoLA-DRB3*153:01|88|BOLA10050|BoLA-DRB3*153:01|88|bp
BOLA09894|BoLA-DRB3*091:01|88|BOLA09894|BoLA-DRB3*091:01|88|bp	BOLA09894|BoLA-DRB3*091:01|88|BOLA09894|BoLA-DRB3*091:01|88|bp
BOLA09897|BoLA-DRB3*093:01|88|BOLA09897|BoLA-DRB3*093:01|88|bp	BOLA09897|BoLA-DRB3*093:01|88|BOLA09897|BoLA-DRB3*093:01|88|bp
BOLA09897|BoLA-DRB3*093:01|88|BOLA09897|BoLA-DRB3*093:01|88|bp	BOLA03142|BoLA-DRB3*026:01|89|BOLA03142|BoLA-DRB3*026:01|89|bp
BOLA09897|BoLA-DRB3*093:01|88|BOLA09897|BoLA-DRB3*093:01|88|bp	BOLA09879|BoLA-DRB3*084:01|88|BOLA09879|BoLA-DRB3*084:01|88|bp
BOLA09897|BoLA-DRB3*093:01|88|BOLA09897|BoLA-DRB3*093:01|88|bp	BOLA09895|BoLA-DRB3*092:01|88|BOLA09895|BoLA-DRB3*092:01|88|bp
BOLA09897|BoLA-DRB3*093:01|88|BOLA09897|BoLA-DRB3*093:01|88|bp	BOLA09874|BoLA-DRB3*082:01|88|BOLA09874|BoLA-DRB3*082:01|88|bp
BOLA09922|BoLA-DRB3*094:02|88|BOLA09922|BoLA-DRB3*094:02|88|bp	BOLA09922|BoLA-DRB3*094:02|88|BOLA09922|BoLA-DRB3*094:02|88|bp
BOLA09950|BoLA-DRB3*094:03|88|BOLA09950|BoLA-DRB3*094:03|88|bp	BOLA09950|BoLA-DRB3*094:03|88|BOLA09950|BoLA-DRB3*094:03|88|bp
BOLA09950|BoLA-DRB3*094:03|88|BOLA09950|BoLA-DRB3*094:03|88|bp	BOLA09898|BoLA-DRB3*094:01|88|BOLA09898|BoLA-DRB3*094:01|88|bp
BOLA09899|BoLA-DRB3*095:01|88|BOLA09899|BoLA-DRB3*095:01|88|bp	BOLA09899|BoLA-DRB3*095:01|88|BOLA09899|BoLA-DRB3*095:01|88|bp
BOLA09900|BoLA-DRB3*096:01|88|BOLA09900|BoLA-DRB3*096:01|88|bp	BOLA09900|BoLA-DRB3*096:01|88|BOLA09900|BoLA-DRB3*096:01|88|bp
BOLA09935|BoLA-DRB3*097:02|88|BOLA09935|BoLA-DRB3*097:02|88|bp	BOLA09935|BoLA-DRB3*097:02|88|BOLA09935|BoLA-DRB3*097:02|88|bp
BOLA09935|BoLA-DRB3*097:02|88|BOLA09935|BoLA-DRB3*097:02|88|bp	BOLA09969|BoLA-DRB3*097:03|88|BOLA09969|BoLA-DRB3*097:03|88|bp
BOLA09935|BoLA-DRB3*097:02|88|BOLA09935|BoLA-DRB3*097:02|88|bp	BOLA09902|BoLA-DRB3*097:01|88|BOLA09902|BoLA-DRB3*097:01|88|bp
BOLA09935|BoLA-DRB3*097:02|88|BOLA09935|BoLA-DRB3*097:02|88|bp	BOLA10007|BoLA-DRB3*097:06|88|BOLA10007|BoLA-DRB3*097:06|88|bp
BOLA09976|BoLA-DRB3*097:05|88|BOLA09976|BoLA-DRB3*097:05|88|bp	BOLA09976|BoLA-DRB3*097:05|88|BOLA09976|BoLA-DRB3*097:05|88|bp
BOLA09976|BoLA-DRB3*097:05|88|BOLA09976|BoLA-DRB3*097:05|88|bp	BOLA09975|BoLA-DRB3*097:04|88|BOLA09975|BoLA-DRB3*097:04|88|bp
BOLA09976|BoLA-DRB3*097:05|88|BOLA09976|BoLA-DRB3*097:05|88|bp	BOLA10009|BoLA-DRB3*020:14|88|BOLA10009|BoLA-DRB3*020:14|88|bp
BOLA09976|BoLA-DRB3*097:05|88|BOLA09976|BoLA-DRB3*097:05|88|bp	BOLA10015|BoLA-DRB3*137:01|88|BOLA10015|BoLA-DRB3*137:01|88|bp
BOLA09904|BoLA-DRB3*098:01|88|BOLA09904|BoLA-DRB3*098:01|88|bp	BOLA09904|BoLA-DRB3*098:01|88|BOLA09904|BoLA-DRB3*098:01|88|bp
BOLA09910|BoLA-DRB3*099:02|88|BOLA09910|BoLA-DRB3*099:02|88|bp	BOLA09910|BoLA-DRB3*099:02|88|BOLA09910|BoLA-DRB3*099:02|88|bp
BOLA09910|BoLA-DRB3*099:02|88|BOLA09910|BoLA-DRB3*099:02|88|bp	BOLA09906|BoLA-DRB3*099:01|88|BOLA09906|BoLA-DRB3*099:01|88|bp
BOLA09979|BoLA-DRB3*100:06|88|BOLA09979|BoLA-DRB3*100:06|88|bp	BOLA09979|BoLA-DRB3*100:06|88|BOLA09979|BoLA-DRB3*100:06|88|bp
BOLA09979|BoLA-DRB3*100:06|88|BOLA09979|BoLA-DRB3*100:06|88|bp	BOLA03124|BoLA-DRB3*016:01|266|BOLA03124|BoLA-DRB3*016:01|266|bp
BOLA09979|BoLA-DRB3*100:06|88|BOLA09979|BoLA-DRB3*100:06|88|bp	BOLA10163|BoLA-DRB3*016:03|88|BOLA10163|BoLA-DRB3*016:03|88|bp
BOLA09979|BoLA-DRB3*100:06|88|BOLA09979|BoLA-DRB3*100:06|88|bp	BOLA09909|BoLA-DRB3*100:01|88|BOLA09909|BoLA-DRB3*100:01|88|bp
BOLA09979|BoLA-DRB3*100:06|88|BOLA09979|BoLA-DRB3*100:06|88|bp	BOLA09948|BoLA-DRB3*100:02|88|BOLA09948|BoLA-DRB3*100:02|88|bp
BOLA09979|BoLA-DRB3*100:06|88|BOLA09979|BoLA-DRB3*100:06|88|bp	BOLA09962|BoLA-DRB3*100:03|88|BOLA09962|BoLA-DRB3*100:03|88|bp
BOLA09979|BoLA-DRB3*100:06|88|BOLA09979|BoLA-DRB3*100:06|88|bp	BOLA09972|BoLA-DRB3*100:04|88|BOLA09972|BoLA-DRB3*100:04|88|bp
BOLA09979|BoLA-DRB3*100:06|88|BOLA09979|BoLA-DRB3*100:06|88|bp	BOLA09978|BoLA-DRB3*100:05|88|BOLA09978|BoLA-DRB3*100:05|88|bp
BOLA09979|BoLA-DRB3*100:06|88|BOLA09979|BoLA-DRB3*100:06|88|bp	BOLA09988|BoLA-DRB3*100:07|88|BOLA09988|BoLA-DRB3*100:07|88|bp
BOLA09979|BoLA-DRB3*100:06|88|BOLA09979|BoLA-DRB3*100:06|88|bp	BOLA09996|BoLA-DRB3*100:08|88|BOLA09996|BoLA-DRB3*100:08|88|bp
BOLA09911|BoLA-DRB3*101:01|88|BOLA09911|BoLA-DRB3*101:01|88|bp	BOLA09911|BoLA-DRB3*101:01|88|BOLA09911|BoLA-DRB3*101:01|88|bp
BOLA09912|BoLA-DRB3*102:01|88|BOLA09912|BoLA-DRB3*102:01|88|bp	BOLA09912|BoLA-DRB3*102:01|88|BOLA09912|BoLA-DRB3*102:01|88|bp
BOLA09913|BoLA-DRB3*103:01|88|BOLA09913|BoLA-DRB3*103:01|88|bp	BOLA09913|BoLA-DRB3*103:01|88|BOLA09913|BoLA-DRB3*103:01|88|bp
BOLA09915|BoLA-DRB3*104:01|88|BOLA09915|BoLA-DRB3*104:01|88|bp	BOLA09915|BoLA-DRB3*104:01|88|BOLA09915|BoLA-DRB3*104:01|88|bp
BOLA09916|BoLA-DRB3*105:01|88|BOLA09916|BoLA-DRB3*105:01|88|bp	BOLA09916|BoLA-DRB3*105:01|88|BOLA09916|BoLA-DRB3*105:01|88|bp
BOLA09916|BoLA-DRB3*105:01|88|BOLA09916|BoLA-DRB3*105:01|88|bp	BOLA09964|BoLA-DRB3*105:02|88|BOLA09964|BoLA-DRB3*105:02|88|bp
BOLA09916|BoLA-DRB3*105:01|88|BOLA09916|BoLA-DRB3*105:01|88|bp	BOLA10004|BoLA-DRB3*105:03|88|BOLA10004|BoLA-DRB3*105:03|88|bp
BOLA09917|BoLA-DRB3*106:01|88|BOLA09917|BoLA-DRB3*106:01|88|bp	BOLA09917|BoLA-DRB3*106:01|88|BOLA09917|BoLA-DRB3*106:01|88|bp
BOLA09917|BoLA-DRB3*106:01|88|BOLA09917|BoLA-DRB3*106:01|88|bp	BOLA09942|BoLA-DRB3*032:04|88|BOLA09942|BoLA-DRB3*032:04|88|bp
BOLA09918|BoLA-DRB3*107:01|88|BOLA09918|BoLA-DRB3*107:01|88|bp	BOLA09918|BoLA-DRB3*107:01|88|BOLA09918|BoLA-DRB3*107:01|88|bp
BOLA09918|BoLA-DRB3*107:01|88|BOLA09918|BoLA-DRB3*107:01|88|bp	BOLA09920|BoLA-DRB3*107:02|88|BOLA09920|BoLA-DRB3*107:02|88|bp
BOLA09918|BoLA-DRB3*107:01|88|BOLA09918|BoLA-DRB3*107:01|88|bp	BOLA09951|BoLA-DRB3*107:03|88|BOLA09951|BoLA-DRB3*107:03|88|bp
BOLA09918|BoLA-DRB3*107:01|88|BOLA09918|BoLA-DRB3*107:01|88|bp	BOLA10178|BoLA-DRB3*107:04|88|BOLA10178|BoLA-DRB3*107:04|88|bp
BOLA09925|BoLA-DRB3*108:01|88|BOLA09925|BoLA-DRB3*108:01|88|bp	BOLA09925|BoLA-DRB3*108:01|88|BOLA09925|BoLA-DRB3*108:01|88|bp
BOLA09928|BoLA-DRB3*109:01|88|BOLA09928|BoLA-DRB3*109:01|88|bp	BOLA09928|BoLA-DRB3*109:01|88|BOLA09928|BoLA-DRB3*109:01|88|bp
BOLA09934|BoLA-DRB3*110:01|88|BOLA09934|BoLA-DRB3*110:01|88|bp	BOLA09934|BoLA-DRB3*110:01|88|BOLA09934|BoLA-DRB3*110:01|88|bp
BOLA09939|BoLA-DRB3*111:01|88|BOLA09939|BoLA-DRB3*111:01|88|bp	BOLA09939|BoLA-DRB3*111:01|88|BOLA09939|BoLA-DRB3*111:01|88|bp
BOLA09987|BoLA-DRB3*112:02|88|BOLA09987|BoLA-DRB3*112:02|88|bp	BOLA09987|BoLA-DRB3*112:02|88|BOLA09987|BoLA-DRB3*112:02|88|bp
BOLA10023|BoLA-DRB3*112:03|88|BOLA10023|BoLA-DRB3*112:03|88|bp	BOLA10023|BoLA-DRB3*112:03|88|BOLA10023|BoLA-DRB3*112:03|88|bp
BOLA10023|BoLA-DRB3*112:03|88|BOLA10023|BoLA-DRB3*112:03|88|bp	BOLA07781|BoLA-DRB3*067:01|88|BOLA07781|BoLA-DRB3*067:01|88|bp
BOLA10023|BoLA-DRB3*112:03|88|BOLA10023|BoLA-DRB3*112:03|88|bp	BOLA09947|BoLA-DRB3*112:01|88|BOLA09947|BoLA-DRB3*112:01|88|bp
BOLA10023|BoLA-DRB3*112:03|88|BOLA10023|BoLA-DRB3*112:03|88|bp	BOLA10013|BoLA-DRB3*135:01|88|BOLA10013|BoLA-DRB3*135:01|88|bp
BOLA09961|BoLA-DRB3*114:02|88|BOLA09961|BoLA-DRB3*114:02|88|bp	BOLA09961|BoLA-DRB3*114:02|88|BOLA09961|BoLA-DRB3*114:02|88|bp
BOLA09961|BoLA-DRB3*114:02|88|BOLA09961|BoLA-DRB3*114:02|88|bp	BOLA09954|BoLA-DRB3*114:01|88|BOLA09954|BoLA-DRB3*114:01|88|bp
BOLA09956|BoLA-DRB3*115:01|88|BOLA09956|BoLA-DRB3*115:01|88|bp	BOLA09956|BoLA-DRB3*115:01|88|BOLA09956|BoLA-DRB3*115:01|88|bp
BOLA09957|BoLA-DRB3*116:01|88|BOLA09957|BoLA-DRB3*116:01|88|bp	BOLA09957|BoLA-DRB3*116:01|88|BOLA09957|BoLA-DRB3*116:01|88|bp
BOLA09957|BoLA-DRB3*116:01|88|BOLA09957|BoLA-DRB3*116:01|88|bp	BOLA09963|BoLA-DRB3*116:02|88|BOLA09963|BoLA-DRB3*116:02|88|bp
BOLA09957|BoLA-DRB3*116:01|88|BOLA09957|BoLA-DRB3*116:01|88|bp	BOLA09983|BoLA-DRB3*116:03|88|BOLA09983|BoLA-DRB3*116:03|88|bp
BOLA09958|BoLA-DRB3*117:01|88|BOLA09958|BoLA-DRB3*117:01|88|bp	BOLA09958|BoLA-DRB3*117:01|88|BOLA09958|BoLA-DRB3*117:01|88|bp
BOLA09960|BoLA-DRB3*118:01|88|BOLA09960|BoLA-DRB3*118:01|88|bp	BOLA09960|BoLA-DRB3*118:01|88|BOLA09960|BoLA-DRB3*118:01|88|bp
BOLA09966|BoLA-DRB3*119:01|88|BOLA09966|BoLA-DRB3*119:01|88|bp	BOLA09966|BoLA-DRB3*119:01|88|BOLA09966|BoLA-DRB3*119:01|88|bp
BOLA09966|BoLA-DRB3*119:01|88|BOLA09966|BoLA-DRB3*119:01|88|bp	BOLA09995|BoLA-DRB3*005:07|88|BOLA09995|BoLA-DRB3*005:07|88|bp
BOLA10033|BoLA-DRB3*121:02|88|BOLA10033|BoLA-DRB3*121:02|88|bp	BOLA10033|BoLA-DRB3*121:02|88|BOLA10033|BoLA-DRB3*121:02|88|bp
BOLA10033|BoLA-DRB3*121:02|88|BOLA10033|BoLA-DRB3*121:02|88|bp	BOLA09971|BoLA-DRB3*121:01|88|BOLA09971|BoLA-DRB3*121:01|88|bp
BOLA09973|BoLA-DRB3*122:01|88|BOLA09973|BoLA-DRB3*122:01|88|bp	BOLA09973|BoLA-DRB3*122:01|88|BOLA09973|BoLA-DRB3*122:01|88|bp
BOLA09977|BoLA-DRB3*123:01|88|BOLA09977|BoLA-DRB3*123:01|88|bp	BOLA09977|BoLA-DRB3*123:01|88|BOLA09977|BoLA-DRB3*123:01|88|bp
BOLA09980|BoLA-DRB3*124:01|88|BOLA09980|BoLA-DRB3*124:01|88|bp	BOLA09980|BoLA-DRB3*124:01|88|BOLA09980|BoLA-DRB3*124:01|88|bp
BOLA09982|BoLA-DRB3*125:01|88|BOLA09982|BoLA-DRB3*125:01|88|bp	BOLA09982|BoLA-DRB3*125:01|88|BOLA09982|BoLA-DRB3*125:01|88|bp
BOLA09990|BoLA-DRB3*127:01|88|BOLA09990|BoLA-DRB3*127:01|88|bp	BOLA09990|BoLA-DRB3*127:01|88|BOLA09990|BoLA-DRB3*127:01|88|bp
BOLA09992|BoLA-DRB3*128:01|88|BOLA09992|BoLA-DRB3*128:01|88|bp	BOLA09992|BoLA-DRB3*128:01|88|BOLA09992|BoLA-DRB3*128:01|88|bp
BOLA09997|BoLA-DRB3*129:01|88|BOLA09997|BoLA-DRB3*129:01|88|bp	BOLA09997|BoLA-DRB3*129:01|88|BOLA09997|BoLA-DRB3*129:01|88|bp
BOLA09998|BoLA-DRB3*130:01|88|BOLA09998|BoLA-DRB3*130:01|88|bp	BOLA09998|BoLA-DRB3*130:01|88|BOLA09998|BoLA-DRB3*130:01|88|bp
BOLA10003|BoLA-DRB3*131:01|88|BOLA10003|BoLA-DRB3*131:01|88|bp	BOLA10003|BoLA-DRB3*131:01|88|BOLA10003|BoLA-DRB3*131:01|88|bp
BOLA10010|BoLA-DRB3*132:01|88|BOLA10010|BoLA-DRB3*132:01|88|bp	BOLA10010|BoLA-DRB3*132:01|88|BOLA10010|BoLA-DRB3*132:01|88|bp
BOLA10011|BoLA-DRB3*133:01|88|BOLA10011|BoLA-DRB3*133:01|88|bp	BOLA10011|BoLA-DRB3*133:01|88|BOLA10011|BoLA-DRB3*133:01|88|bp
BOLA10012|BoLA-DRB3*134:01|88|BOLA10012|BoLA-DRB3*134:01|88|bp	BOLA10012|BoLA-DRB3*134:01|88|BOLA10012|BoLA-DRB3*134:01|88|bp
BOLA10014|BoLA-DRB3*136:01|88|BOLA10014|BoLA-DRB3*136:01|88|bp	BOLA10014|BoLA-DRB3*136:01|88|BOLA10014|BoLA-DRB3*136:01|88|bp
BOLA10016|BoLA-DRB3*138:01|88|BOLA10016|BoLA-DRB3*138:01|88|bp	BOLA10016|BoLA-DRB3*138:01|88|BOLA10016|BoLA-DRB3*138:01|88|bp
BOLA10022|BoLA-DRB3*139:01|88|BOLA10022|BoLA-DRB3*139:01|88|bp	BOLA10022|BoLA-DRB3*139:01|88|BOLA10022|BoLA-DRB3*139:01|88|bp
BOLA10024|BoLA-DRB3*140:01|88|BOLA10024|BoLA-DRB3*140:01|88|bp	BOLA10024|BoLA-DRB3*140:01|88|BOLA10024|BoLA-DRB3*140:01|88|bp
BOLA10026|BoLA-DRB3*141:01|88|BOLA10026|BoLA-DRB3*141:01|88|bp	BOLA10026|BoLA-DRB3*141:01|88|BOLA10026|BoLA-DRB3*141:01|88|bp
BOLA10034|BoLA-DRB3*143:01|88|BOLA10034|BoLA-DRB3*143:01|88|bp	BOLA10034|BoLA-DRB3*143:01|88|BOLA10034|BoLA-DRB3*143:01|88|bp
BOLA10042|BoLA-DRB3*145:01|88|BOLA10042|BoLA-DRB3*145:01|88|bp	BOLA10042|BoLA-DRB3*145:01|88|BOLA10042|BoLA-DRB3*145:01|88|bp
BOLA10042|BoLA-DRB3*145:01|88|BOLA10042|BoLA-DRB3*145:01|88|bp	BOLA10059|BoLA-DRB3*024:30|88|BOLA10059|BoLA-DRB3*024:30|88|bp
BOLA10042|BoLA-DRB3*145:01|88|BOLA10042|BoLA-DRB3*145:01|88|bp	BOLA09805|BoLA-DRB3*024:31|89|BOLA09805|BoLA-DRB3*024:31|89|bp
BOLA10043|BoLA-DRB3*146:01|88|BOLA10043|BoLA-DRB3*146:01|88|bp	BOLA10043|BoLA-DRB3*146:01|88|BOLA10043|BoLA-DRB3*146:01|88|bp
BOLA10044|BoLA-DRB3*147:01|88|BOLA10044|BoLA-DRB3*147:01|88|bp	BOLA10044|BoLA-DRB3*147:01|88|BOLA10044|BoLA-DRB3*147:01|88|bp
BOLA10045|BoLA-DRB3*148:01|88|BOLA10045|BoLA-DRB3*148:01|88|bp	BOLA10045|BoLA-DRB3*148:01|88|BOLA10045|BoLA-DRB3*148:01|88|bp
BOLA10045|BoLA-DRB3*148:01|88|BOLA10045|BoLA-DRB3*148:01|88|bp	BOLA10035|BoLA-DRB3*144:01|88|BOLA10035|BoLA-DRB3*144:01|88|bp
BOLA10046|BoLA-DRB3*149:01|88|BOLA10046|BoLA-DRB3*149:01|88|bp	BOLA10046|BoLA-DRB3*149:01|88|BOLA10046|BoLA-DRB3*149:01|88|bp
BOLA10048|BoLA-DRB3*151:01|88|BOLA10048|BoLA-DRB3*151:01|88|bp	BOLA10048|BoLA-DRB3*151:01|88|BOLA10048|BoLA-DRB3*151:01|88|bp
BOLA10052|BoLA-DRB3*154:02|88|BOLA10052|BoLA-DRB3*154:02|88|bp	BOLA10052|BoLA-DRB3*154:02|88|BOLA10052|BoLA-DRB3*154:02|88|bp
BOLA10052|BoLA-DRB3*154:02|88|BOLA10052|BoLA-DRB3*154:02|88|bp	BOLA10051|BoLA-DRB3*154:01|88|BOLA10051|BoLA-DRB3*154:01|88|bp
BOLA10053|BoLA-DRB3*155:01|88|BOLA10053|BoLA-DRB3*155:01|88|bp	BOLA10053|BoLA-DRB3*155:01|88|BOLA10053|BoLA-DRB3*155:01|88|bp
BOLA10054|BoLA-DRB3*156:01|88|BOLA10054|BoLA-DRB3*156:01|88|bp	BOLA10054|BoLA-DRB3*156:01|88|BOLA10054|BoLA-DRB3*156:01|88|bp
BOLA10055|BoLA-DRB3*157:01|88|BOLA10055|BoLA-DRB3*157:01|88|bp	BOLA10055|BoLA-DRB3*157:01|88|BOLA10055|BoLA-DRB3*157:01|88|bp
BOLA10057|BoLA-DRB3*159:01|88|BOLA10057|BoLA-DRB3*159:01|88|bp	BOLA10057|BoLA-DRB3*159:01|88|BOLA10057|BoLA-DRB3*159:01|88|bp
BOLA10058|BoLA-DRB3*160:01|88|BOLA10058|BoLA-DRB3*160:01|88|bp	BOLA10058|BoLA-DRB3*160:01|88|BOLA10058|BoLA-DRB3*160:01|88|bp
BOLA10060|BoLA-DRB3*161:01|88|BOLA10060|BoLA-DRB3*161:01|88|bp	BOLA10060|BoLA-DRB3*161:01|88|BOLA10060|BoLA-DRB3*161:01|88|bp
BOLA10061|BoLA-DRB3*162:01|88|BOLA10061|BoLA-DRB3*162:01|88|bp	BOLA10061|BoLA-DRB3*162:01|88|BOLA10061|BoLA-DRB3*162:01|88|bp
BOLA10162|BoLA-DRB3*164:01|88|BOLA10162|BoLA-DRB3*164:01|88|bp	BOLA10162|BoLA-DRB3*164:01|88|BOLA10162|BoLA-DRB3*164:01|88|bp
BOLA10176|BoLA-DRB3*166:01|88|BOLA10176|BoLA-DRB3*166:01|88|bp	BOLA10176|BoLA-DRB3*166:01|88|BOLA10176|BoLA-DRB3*166:01|88|bp
BOLA10182|BoLA-DRB3*168:01|88|BOLA10182|BoLA-DRB3*168:01|88|bp	BOLA10182|BoLA-DRB3*168:01|88|BOLA10182|BoLA-DRB3*168:01|88|bp
BOLA10185|BoLA-DRB3*169:01|89|BOLA10185|BoLA-DRB3*169:01|89|bp	BOLA10185|BoLA-DRB3*169:01|89|BOLA10185|BoLA-DRB3*169:01|89|bp
BOLA10185|BoLA-DRB3*169:01|89|BOLA10185|BoLA-DRB3*169:01|89|bp	BOLA09191|BoLA-DRB3*050:01:01|89|BOLA09191|BoLA-DRB3*050:01:01|89|bp
