SLA06002|SLA-DRB1*01:01|270|SLA06002|SLA-DRB1*01:01|270|bp|SLA06002|SLA-DRB1*01:01|270|SLA06002|SLA-DRB1*01:01|270|bp	SLA06002|SLA-DRB1*01:01|270|SLA06002|SLA-DRB1*01:01|270|bp|SLA06002|SLA-DRB1*01:01|270|SLA06002|SLA-DRB1*01:01|270|bp
SLA06002|SLA-DRB1*01:01|270|SLA06002|SLA-DRB1*01:01|270|bp|SLA06002|SLA-DRB1*01:01|270|SLA06002|SLA-DRB1*01:01|270|bp	SLA06002|SLA-DRB1*01:01|270|SLA06002|SLA-DRB1*01:01|270|bp
SLA06002|SLA-DRB1*01:01|270|SLA06002|SLA-DRB1*01:01|270|bp|SLA06002|SLA-DRB1*01:01|270|SLA06002|SLA-DRB1*01:01|270|bp	SLA06003|SLA-DRB1*01:02|266|SLA06003|SLA-DRB1*01:02|266|bp
SLA06002|SLA-DRB1*01:01|270|SLA06002|SLA-DRB1*01:01|270|bp|SLA06002|SLA-DRB1*01:01|270|SLA06002|SLA-DRB1*01:01|270|bp	SLA06063|SLA-DRB1*01:03|89|SLA06063|SLA-DRB1*01:03|89|bp
SLA06002|SLA-DRB1*01:01|270|SLA06002|SLA-DRB1*01:01|270|bp|SLA06002|SLA-DRB1*01:01|270|SLA06002|SLA-DRB1*01:01|270|bp	SLA06064|SLA-DRB1*01:04|89|SLA06064|SLA-DRB1*01:04|89|bp
SLA06002|SLA-DRB1*01:01|270|SLA06002|SLA-DRB1*01:01|270|bp|SLA06002|SLA-DRB1*01:01|270|SLA06002|SLA-DRB1*01:01|270|bp	SLA06060|SLA-DRB1*13:02|89|SLA06060|SLA-DRB1*13:02|89|bp
SLA06078|SLA-DRB1*01:05|89|SLA06078|SLA-DRB1*01:05|89|bp	SLA06078|SLA-DRB1*01:05|89|SLA06078|SLA-DRB1*01:05|89|bp
SLA06004|SLA-DRB1*02:01:01|266|SLA06004|SLA-DRB1*02:01:01|266|bp	SLA06004|SLA-DRB1*02:01:01|266|SLA06004|SLA-DRB1*02:01:01|266|bp
SLA06004|SLA-DRB1*02:01:01|266|SLA06004|SLA-DRB1*02:01:01|266|bp	SLA06005|SLA-DRB1*02:01:02|88|SLA06005|SLA-DRB1*02:01:02|88|bp
SLA06004|SLA-DRB1*02:01:01|266|SLA06004|SLA-DRB1*02:01:01|266|bp	SLA06006|SLA-DRB1*02:01:03|89|SLA06006|SLA-DRB1*02:01:03|89|bp
SLA06004|SLA-DRB1*02:01:01|266|SLA06004|SLA-DRB1*02:01:01|266|bp	SLA06007|SLA-DRB1*02:02|89|SLA06007|SLA-DRB1*02:02|89|bp
SLA06004|SLA-DRB1*02:01:01|266|SLA06004|SLA-DRB1*02:01:01|266|bp	SLA06008|SLA-DRB1*02:03|89|SLA06008|SLA-DRB1*02:03|89|bp
SLA06013|SLA-DRB1*02:08|81|SLA06013|SLA-DRB1*02:08|81|bp	SLA06013|SLA-DRB1*02:08|81|SLA06013|SLA-DRB1*02:08|81|bp
SLA06014|SLA-DRB1*02:09|75|SLA06014|SLA-DRB1*02:09|75|bp	SLA06014|SLA-DRB1*02:09|75|SLA06014|SLA-DRB1*02:09|75|bp
SLA09702|SLA-DRB1*02:10|88|SLA09702|SLA-DRB1*02:10|88|bp	SLA09702|SLA-DRB1*02:10|88|SLA09702|SLA-DRB1*02:10|88|bp
SLA09702|SLA-DRB1*02:10|88|SLA09702|SLA-DRB1*02:10|88|bp	SLA09574|SLA-DRB1*02:11|88|SLA09574|SLA-DRB1*02:11|88|bp
SLA06015|SLA-DRB1*03:01|266|SLA06015|SLA-DRB1*03:01|266|bp	SLA06015|SLA-DRB1*03:01|266|SLA06015|SLA-DRB1*03:01|266|bp
SLA06016|SLA-DRB1*04:01|269|SLA06016|SLA-DRB1*04:01|269|bp	SLA06016|SLA-DRB1*04:01|269|SLA06016|SLA-DRB1*04:01|269|bp
SLA06016|SLA-DRB1*04:01|269|SLA06016|SLA-DRB1*04:01|269|bp	SLA06017|SLA-DRB1*04:02|266|SLA06017|SLA-DRB1*04:02|266|bp
SLA06016|SLA-DRB1*04:01|269|SLA06016|SLA-DRB1*04:01|269|bp	SLA06018|SLA-DRB1*04:03|266|SLA06018|SLA-DRB1*04:03|266|bp
SLA06016|SLA-DRB1*04:01|269|SLA06016|SLA-DRB1*04:01|269|bp	SLA06019|SLA-DRB1*04:04|266|SLA06019|SLA-DRB1*04:04|266|bp
SLA06016|SLA-DRB1*04:01|269|SLA06016|SLA-DRB1*04:01|269|bp	SLA06020|SLA-DRB1*04:05|266|SLA06020|SLA-DRB1*04:05|266|bp
SLA06016|SLA-DRB1*04:01|269|SLA06016|SLA-DRB1*04:01|269|bp	SLA06021|SLA-DRB1*04:06|266|SLA06021|SLA-DRB1*04:06|266|bp
SLA06016|SLA-DRB1*04:01|269|SLA06016|SLA-DRB1*04:01|269|bp	SLA08529|SLA-DRB1*04:07|266|SLA08529|SLA-DRB1*04:07|266|bp
SLA06016|SLA-DRB1*04:01|269|SLA06016|SLA-DRB1*04:01|269|bp	SLA08530|SLA-DRB1*04:08|89|SLA08530|SLA-DRB1*04:08|89|bp
SLA06016|SLA-DRB1*04:01|269|SLA06016|SLA-DRB1*04:01|269|bp	SLA09701|SLA-DRB1*04:09|88|SLA09701|SLA-DRB1*04:09|88|bp
SLA06016|SLA-DRB1*04:01|269|SLA06016|SLA-DRB1*04:01|269|bp	SLA09735|SLA-DRB1*04:11|266|SLA09735|SLA-DRB1*04:11|266|bp
SLA09698|SLA-DRB1*04:10|88|SLA09698|SLA-DRB1*04:10|88|bp	SLA09698|SLA-DRB1*04:10|88|SLA09698|SLA-DRB1*04:10|88|bp
SLA06022|SLA-DRB1*05:01|269|SLA06022|SLA-DRB1*05:01|269|bp	SLA06022|SLA-DRB1*05:01|269|SLA06022|SLA-DRB1*05:01|269|bp
SLA06022|SLA-DRB1*05:01|269|SLA06022|SLA-DRB1*05:01|269|bp	SLA06023|SLA-DRB1*05:02|266|SLA06023|SLA-DRB1*05:02|266|bp
SLA06022|SLA-DRB1*05:01|269|SLA06022|SLA-DRB1*05:01|269|bp	SLA06024|SLA-DRB1*05:03|266|SLA06024|SLA-DRB1*05:03|266|bp
SLA06028|SLA-DRB1*05:07|81|SLA06028|SLA-DRB1*05:07|81|bp	SLA06028|SLA-DRB1*05:07|81|SLA06028|SLA-DRB1*05:07|81|bp
SLA06029|SLA-DRB1*06:01|266|SLA06029|SLA-DRB1*06:01|266|bp	SLA06029|SLA-DRB1*06:01|266|SLA06029|SLA-DRB1*06:01|266|bp
SLA06030|SLA-DRB1*06:02|266|SLA06030|SLA-DRB1*06:02|266|bp	SLA06030|SLA-DRB1*06:02|266|SLA06030|SLA-DRB1*06:02|266|bp
SLA06030|SLA-DRB1*06:02|266|SLA06030|SLA-DRB1*06:02|266|bp	SLA06031|SLA-DRB1*06:03|260|SLA06031|SLA-DRB1*06:03|260|bp
SLA06030|SLA-DRB1*06:02|266|SLA06030|SLA-DRB1*06:02|266|bp	SLA06032|SLA-DRB1*06:04|88|SLA06032|SLA-DRB1*06:04|88|bp
SLA06030|SLA-DRB1*06:02|266|SLA06030|SLA-DRB1*06:02|266|bp	SLA08531|SLA-DRB1*06:06|152|SLA08531|SLA-DRB1*06:06|152|bp
SLA06030|SLA-DRB1*06:02|266|SLA06030|SLA-DRB1*06:02|266|bp	SLA09700|SLA-DRB1*06:07|88|SLA09700|SLA-DRB1*06:07|88|bp
SLA06033|SLA-DRB1*06:05|72|SLA06033|SLA-DRB1*06:05|72|bp	SLA06033|SLA-DRB1*06:05|72|SLA06033|SLA-DRB1*06:05|72|bp
SLA06036|SLA-DRB1*07:03|89|SLA06036|SLA-DRB1*07:03|89|bp	SLA06036|SLA-DRB1*07:03|89|SLA06036|SLA-DRB1*07:03|89|bp
SLA06036|SLA-DRB1*07:03|89|SLA06036|SLA-DRB1*07:03|89|bp	SLA06034|SLA-DRB1*07:01|266|SLA06034|SLA-DRB1*07:01|266|bp
SLA06039|SLA-DRB1*08:03|100|SLA06039|SLA-DRB1*08:03|100|bp	SLA06039|SLA-DRB1*08:03|100|SLA06039|SLA-DRB1*08:03|100|bp
SLA06039|SLA-DRB1*08:03|100|SLA06039|SLA-DRB1*08:03|100|bp	SLA06038|SLA-DRB1*08:02|100|SLA06038|SLA-DRB1*08:02|100|bp
SLA06039|SLA-DRB1*08:03|100|SLA06039|SLA-DRB1*08:03|100|bp	SLA06037|SLA-DRB1*08:01|269|SLA06037|SLA-DRB1*08:01|269|bp
SLA06042|SLA-DRB1*08:06|81|SLA06042|SLA-DRB1*08:06|81|bp	SLA06042|SLA-DRB1*08:06|81|SLA06042|SLA-DRB1*08:06|81|bp
SLA06042|SLA-DRB1*08:06|81|SLA06042|SLA-DRB1*08:06|81|bp	SLA06012|SLA-DRB1*02:07|81|SLA06012|SLA-DRB1*02:07|81|bp
SLA06043|SLA-DRB1*09:01:01|269|SLA06043|SLA-DRB1*09:01:01|269|bp	SLA06043|SLA-DRB1*09:01:01|269|SLA06043|SLA-DRB1*09:01:01|269|bp
SLA06043|SLA-DRB1*09:01:01|269|SLA06043|SLA-DRB1*09:01:01|269|bp	SLA06044|SLA-DRB1*09:01:02|88|SLA06044|SLA-DRB1*09:01:02|88|bp
SLA06043|SLA-DRB1*09:01:01|269|SLA06043|SLA-DRB1*09:01:01|269|bp	SLA06046|SLA-DRB1*09:02|266|SLA06046|SLA-DRB1*09:02|266|bp
SLA06043|SLA-DRB1*09:01:01|269|SLA06043|SLA-DRB1*09:01:01|269|bp	SLA06045|SLA-DRB1*09:03|93|SLA06045|SLA-DRB1*09:03|93|bp
SLA06043|SLA-DRB1*09:01:01|269|SLA06043|SLA-DRB1*09:01:01|269|bp	SLA06061|SLA-DRB1*09:05|89|SLA06061|SLA-DRB1*09:05|89|bp
SLA06043|SLA-DRB1*09:01:01|269|SLA06043|SLA-DRB1*09:01:01|269|bp	SLA06073|SLA-DRB1*09:06|89|SLA06073|SLA-DRB1*09:06|89|bp
SLA06043|SLA-DRB1*09:01:01|269|SLA06043|SLA-DRB1*09:01:01|269|bp	SLA06075|SLA-DRB1*09:07|89|SLA06075|SLA-DRB1*09:07|89|bp
SLA06080|SLA-DRB1*09:04|72|SLA06080|SLA-DRB1*09:04|72|bp	SLA06080|SLA-DRB1*09:04|72|SLA06080|SLA-DRB1*09:04|72|bp
SLA06047|SLA-DRB1*10:01:01|266|SLA06047|SLA-DRB1*10:01:01|266|bp	SLA06047|SLA-DRB1*10:01:01|266|SLA06047|SLA-DRB1*10:01:01|266|bp
SLA06047|SLA-DRB1*10:01:01|266|SLA06047|SLA-DRB1*10:01:01|266|bp	SLA09697|SLA-DRB1*10:01:02|88|SLA09697|SLA-DRB1*10:01:02|88|bp
SLA06047|SLA-DRB1*10:01:01|266|SLA06047|SLA-DRB1*10:01:01|266|bp	SLA06048|SLA-DRB1*10:04|266|SLA06048|SLA-DRB1*10:04|266|bp
SLA06047|SLA-DRB1*10:01:01|266|SLA06047|SLA-DRB1*10:01:01|266|bp	SLA06050|SLA-DRB1*10:05|89|SLA06050|SLA-DRB1*10:05|89|bp
SLA06051|SLA-DRB1*10:02|81|SLA06051|SLA-DRB1*10:02|81|bp	SLA06051|SLA-DRB1*10:02|81|SLA06051|SLA-DRB1*10:02|81|bp
SLA06062|SLA-DRB1*10:06|89|SLA06062|SLA-DRB1*10:06|89|bp	SLA06062|SLA-DRB1*10:06|89|SLA06062|SLA-DRB1*10:06|89|bp
SLA06076|SLA-DRB1*10:08|89|SLA06076|SLA-DRB1*10:08|89|bp	SLA06076|SLA-DRB1*10:08|89|SLA06076|SLA-DRB1*10:08|89|bp
SLA06076|SLA-DRB1*10:08|89|SLA06076|SLA-DRB1*10:08|89|bp	SLA06074|SLA-DRB1*10:07|89|SLA06074|SLA-DRB1*10:07|89|bp
SLA06052|SLA-DRB1*11:01|266|SLA06052|SLA-DRB1*11:01|266|bp	SLA06052|SLA-DRB1*11:01|266|SLA06052|SLA-DRB1*11:01|266|bp
SLA06053|SLA-DRB1*11:02|269|SLA06053|SLA-DRB1*11:02|269|bp	SLA06053|SLA-DRB1*11:02|269|SLA06053|SLA-DRB1*11:02|269|bp
SLA06054|SLA-DRB1*11:03|269|SLA06054|SLA-DRB1*11:03|269|bp	SLA06054|SLA-DRB1*11:03|269|SLA06054|SLA-DRB1*11:03|269|bp
SLA06055|SLA-DRB1*11:04|82|SLA06055|SLA-DRB1*11:04|82|bp	SLA06055|SLA-DRB1*11:04|82|SLA06055|SLA-DRB1*11:04|82|bp
SLA06056|SLA-DRB1*11:05|81|SLA06056|SLA-DRB1*11:05|81|bp	SLA06056|SLA-DRB1*11:05|81|SLA06056|SLA-DRB1*11:05|81|bp
SLA06057|SLA-DRB1*11:06|75|SLA06057|SLA-DRB1*11:06|75|bp	SLA06057|SLA-DRB1*11:06|75|SLA06057|SLA-DRB1*11:06|75|bp
SLA08532|SLA-DRB1*11:07|269|SLA08532|SLA-DRB1*11:07|269|bp	SLA08532|SLA-DRB1*11:07|269|SLA08532|SLA-DRB1*11:07|269|bp
SLA08533|SLA-DRB1*11:08|266|SLA08533|SLA-DRB1*11:08|266|bp	SLA08533|SLA-DRB1*11:08|266|SLA08533|SLA-DRB1*11:08|266|bp
SLA09696|SLA-DRB1*11:09|88|SLA09696|SLA-DRB1*11:09|88|bp	SLA09696|SLA-DRB1*11:09|88|SLA09696|SLA-DRB1*11:09|88|bp
SLA09703|SLA-DRB1*12:05|88|SLA09703|SLA-DRB1*12:05|88|bp	SLA09703|SLA-DRB1*12:05|88|SLA09703|SLA-DRB1*12:05|88|bp
SLA09703|SLA-DRB1*12:05|88|SLA09703|SLA-DRB1*12:05|88|bp	SLA08534|SLA-DRB1*12:01:01|266|SLA08534|SLA-DRB1*12:01:01|266|bp
SLA06058|SLA-DRB1*13:01|266|SLA06058|SLA-DRB1*13:01|266|bp	SLA06058|SLA-DRB1*13:01|266|SLA06058|SLA-DRB1*13:01|266|bp
SLA09699|SLA-DRB1*14:03|88|SLA09699|SLA-DRB1*14:03|88|bp	SLA09699|SLA-DRB1*14:03|88|SLA09699|SLA-DRB1*14:03|88|bp
SLA09699|SLA-DRB1*14:03|88|SLA09699|SLA-DRB1*14:03|88|bp	SLA09734|SLA-DRB1*14:04|269|SLA09734|SLA-DRB1*14:04|269|bp
SLA09699|SLA-DRB1*14:03|88|SLA09699|SLA-DRB1*14:03|88|bp	SLA06059|SLA-DRB1*14:01|266|SLA06059|SLA-DRB1*14:01|266|bp
SLA06079|SLA-DRB1*16:03|72|SLA06079|SLA-DRB1*16:03|72|bp	SLA06079|SLA-DRB1*16:03|72|SLA06079|SLA-DRB1*16:03|72|bp
SLA06070|SLA-DRB1*17:01|82|SLA06070|SLA-DRB1*17:01|82|bp	SLA06070|SLA-DRB1*17:01|82|SLA06070|SLA-DRB1*17:01|82|bp
SLA08552|SLA-DRB2*11:01|88|SLA08552|SLA-DRB2*11:01|88|bp	SLA08552|SLA-DRB2*11:01|88|SLA08552|SLA-DRB2*11:01|88|bp
SLA06099|SLA-DRB5*01:01|253|SLA06099|SLA-DRB5*01:01|253|bp	SLA06099|SLA-DRB5*01:01|253|SLA06099|SLA-DRB5*01:01|253|bp
