NHP00524|Mamu-DRB*W001:01|266|NHP00524|Mamu-DRB*W001:01|266|bp|NHP00524|Mamu-DRB*W001:01|266|NHP00524|Mamu-DRB*W001:01|266|bp	NHP00524|Mamu-DRB*W001:01|266|NHP00524|Mamu-DRB*W001:01|266|bp|NHP00524|Mamu-DRB*W001:01|266|NHP00524|Mamu-DRB*W001:01|266|bp
NHP00524|Mamu-DRB*W001:01|266|NHP00524|Mamu-DRB*W001:01|266|bp|NHP00524|Mamu-DRB*W001:01|266|NHP00524|Mamu-DRB*W001:01|266|bp	NHP00524|Mamu-DRB*W001:01|266|NHP00524|Mamu-DRB*W001:01|266|bp
NHP00524|Mamu-DRB*W001:01|266|NHP00524|Mamu-DRB*W001:01|266|bp|NHP00524|Mamu-DRB*W001:01|266|NHP00524|Mamu-DRB*W001:01|266|bp	NHP06988|Mamu-DRB*W001:06|177|NHP06988|Mamu-DRB*W001:06|177|bp
NHP00524|Mamu-DRB*W001:01|266|NHP00524|Mamu-DRB*W001:01|266|bp|NHP00524|Mamu-DRB*W001:01|266|NHP00524|Mamu-DRB*W001:01|266|bp	NHP06989|Mamu-DRB*W001:07|177|NHP06989|Mamu-DRB*W001:07|177|bp
NHP00525|Mamu-DRB*W001:02|81|NHP00525|Mamu-DRB*W001:02|81|bp	NHP00525|Mamu-DRB*W001:02|81|NHP00525|Mamu-DRB*W001:02|81|bp
NHP03479|Mamu-DRB*W001:03|73|NHP03479|Mamu-DRB*W001:03|73|bp	NHP03479|Mamu-DRB*W001:03|73|NHP03479|Mamu-DRB*W001:03|73|bp
NHP03480|Mamu-DRB*W001:04|177|NHP03480|Mamu-DRB*W001:04|177|bp	NHP03480|Mamu-DRB*W001:04|177|NHP03480|Mamu-DRB*W001:04|177|bp
NHP03480|Mamu-DRB*W001:04|177|NHP03480|Mamu-DRB*W001:04|177|bp	NHP04548|Mamu-DRB*W001:05:01|177|NHP04548|Mamu-DRB*W001:05:01|177|bp
NHP03480|Mamu-DRB*W001:04|177|NHP03480|Mamu-DRB*W001:04|177|bp	NHP04549|Mamu-DRB*W001:05:02|177|NHP04549|Mamu-DRB*W001:05:02|177|bp
NHP00529|Mamu-DRB*W002:01:01:01|266|NHP00529|Mamu-DRB*W002:01:01:01|266|bp	NHP00529|Mamu-DRB*W002:01:01:01|266|NHP00529|Mamu-DRB*W002:01:01:01|266|bp
NHP00529|Mamu-DRB*W002:01:01:01|266|NHP00529|Mamu-DRB*W002:01:01:01|266|bp	NHP01410|Mamu-DRB*W002:02|178|NHP01410|Mamu-DRB*W002:02|178|bp
NHP00529|Mamu-DRB*W002:01:01:01|266|NHP00529|Mamu-DRB*W002:01:01:01|266|bp	NHP03974|Mamu-DRB*W002:04:01:01|220|NHP03974|Mamu-DRB*W002:04:01:01|220|bp
NHP00529|Mamu-DRB*W002:01:01:01|266|NHP00529|Mamu-DRB*W002:01:01:01|266|bp	NHP04558|Mamu-DRB*W002:05|177|NHP04558|Mamu-DRB*W002:05|177|bp
NHP01409|Mamu-DRB*W002:03|130|NHP01409|Mamu-DRB*W002:03|130|bp	NHP01409|Mamu-DRB*W002:03|130|NHP01409|Mamu-DRB*W002:03|130|bp
NHP00546|Mamu-DRB*W003:01|81|NHP00546|Mamu-DRB*W003:01|81|bp	NHP00546|Mamu-DRB*W003:01|81|NHP00546|Mamu-DRB*W003:01|81|bp
NHP00548|Mamu-DRB*W003:03:01:01|266|NHP00548|Mamu-DRB*W003:03:01:01|266|bp	NHP00548|Mamu-DRB*W003:03:01:01|266|NHP00548|Mamu-DRB*W003:03:01:01|266|bp
NHP00548|Mamu-DRB*W003:03:01:01|266|NHP00548|Mamu-DRB*W003:03:01:01|266|bp	NHP03581|Mamu-DRB*W003:03:02|266|NHP03581|Mamu-DRB*W003:03:02|266|bp
NHP00548|Mamu-DRB*W003:03:01:01|266|NHP00548|Mamu-DRB*W003:03:01:01|266|bp	NHP00552|Mamu-DRB*W003:07:01:01|266|NHP00552|Mamu-DRB*W003:07:01:01|266|bp
NHP00548|Mamu-DRB*W003:03:01:01|266|NHP00548|Mamu-DRB*W003:03:01:01|266|bp	NHP02078|Mamu-DRB*W003:15:01|177|NHP02078|Mamu-DRB*W003:15:01|177|bp
NHP00548|Mamu-DRB*W003:03:01:01|266|NHP00548|Mamu-DRB*W003:03:01:01|266|bp	NHP04560|Mamu-DRB*W003:15:02|177|NHP04560|Mamu-DRB*W003:15:02|177|bp
NHP00548|Mamu-DRB*W003:03:01:01|266|NHP00548|Mamu-DRB*W003:03:01:01|266|bp	NHP12145|Mamu-DRB*W003:16:01:01|220|NHP12145|Mamu-DRB*W003:16:01:01|220|bp
NHP00550|Mamu-DRB*W003:05:01:01|266|NHP00550|Mamu-DRB*W003:05:01:01|266|bp	NHP00550|Mamu-DRB*W003:05:01:01|266|NHP00550|Mamu-DRB*W003:05:01:01|266|bp
NHP00554|Mamu-DRB*W003:09|81|NHP00554|Mamu-DRB*W003:09|81|bp	NHP00554|Mamu-DRB*W003:09|81|NHP00554|Mamu-DRB*W003:09|81|bp
NHP00554|Mamu-DRB*W003:09|81|NHP00554|Mamu-DRB*W003:09|81|bp	NHP00547|Mamu-DRB*W003:02|81|NHP00547|Mamu-DRB*W003:02|81|bp
NHP00554|Mamu-DRB*W003:09|81|NHP00554|Mamu-DRB*W003:09|81|bp	NHP00555|Mamu-DRB*W003:10|81|NHP00555|Mamu-DRB*W003:10|81|bp
NHP00554|Mamu-DRB*W003:09|81|NHP00554|Mamu-DRB*W003:09|81|bp	NHP00558|Mamu-DRB*W003:12|81|NHP00558|Mamu-DRB*W003:12|81|bp
NHP00554|Mamu-DRB*W003:09|81|NHP00554|Mamu-DRB*W003:09|81|bp	NHP00559|Mamu-DRB*W003:13|81|NHP00559|Mamu-DRB*W003:13|81|bp
NHP01398|Mamu-DRB*W003:14|81|NHP01398|Mamu-DRB*W003:14|81|bp	NHP01398|Mamu-DRB*W003:14|81|NHP01398|Mamu-DRB*W003:14|81|bp
NHP01398|Mamu-DRB*W003:14|81|NHP01398|Mamu-DRB*W003:14|81|bp	NHP00549|Mamu-DRB*W003:04|81|NHP00549|Mamu-DRB*W003:04|81|bp
NHP01398|Mamu-DRB*W003:14|81|NHP01398|Mamu-DRB*W003:14|81|bp	NHP00551|Mamu-DRB*W003:06|81|NHP00551|Mamu-DRB*W003:06|81|bp
NHP01398|Mamu-DRB*W003:14|81|NHP01398|Mamu-DRB*W003:14|81|bp	NHP00553|Mamu-DRB*W003:08|81|NHP00553|Mamu-DRB*W003:08|81|bp
NHP01398|Mamu-DRB*W003:14|81|NHP01398|Mamu-DRB*W003:14|81|bp	NHP00557|Mamu-DRB*W003:11|81|NHP00557|Mamu-DRB*W003:11|81|bp
NHP00561|Mamu-DRB*W004:02:01:01|266|NHP00561|Mamu-DRB*W004:02:01:01|266|bp	NHP00561|Mamu-DRB*W004:02:01:01|266|NHP00561|Mamu-DRB*W004:02:01:01|266|bp
NHP00561|Mamu-DRB*W004:02:01:01|266|NHP00561|Mamu-DRB*W004:02:01:01|266|bp	NHP06995|Mamu-DRB*W004:02:02|177|NHP06995|Mamu-DRB*W004:02:02|177|bp
NHP00561|Mamu-DRB*W004:02:01:01|266|NHP00561|Mamu-DRB*W004:02:01:01|266|bp	NHP04561|Mamu-DRB*W004:07|177|NHP04561|Mamu-DRB*W004:07|177|bp
NHP00561|Mamu-DRB*W004:02:01:01|266|NHP00561|Mamu-DRB*W004:02:01:01|266|bp	NHP04563|Mamu-DRB*W004:08|177|NHP04563|Mamu-DRB*W004:08|177|bp
NHP00563|Mamu-DRB*W004:04|266|NHP00563|Mamu-DRB*W004:04|266|bp	NHP00563|Mamu-DRB*W004:04|266|NHP00563|Mamu-DRB*W004:04|266|bp
NHP02079|Mamu-DRB*W004:05|177|NHP02079|Mamu-DRB*W004:05|177|bp	NHP02079|Mamu-DRB*W004:05|177|NHP02079|Mamu-DRB*W004:05|177|bp
NHP02079|Mamu-DRB*W004:05|177|NHP02079|Mamu-DRB*W004:05|177|bp	NHP00562|Mamu-DRB*W004:03|177|NHP00562|Mamu-DRB*W004:03|177|bp
NHP03478|Mamu-DRB*W004:06|177|NHP03478|Mamu-DRB*W004:06|177|bp	NHP03478|Mamu-DRB*W004:06|177|NHP03478|Mamu-DRB*W004:06|177|bp
NHP03478|Mamu-DRB*W004:06|177|NHP03478|Mamu-DRB*W004:06|177|bp	NHP00560|Mamu-DRB*W004:01:01:01|266|NHP00560|Mamu-DRB*W004:01:01:01|266|bp
NHP00565|Mamu-DRB*W005:02|266|NHP00565|Mamu-DRB*W005:02|266|bp	NHP00565|Mamu-DRB*W005:02|266|NHP00565|Mamu-DRB*W005:02|266|bp
NHP00565|Mamu-DRB*W005:02|266|NHP00565|Mamu-DRB*W005:02|266|bp	NHP00564|Mamu-DRB*W005:01|266|NHP00564|Mamu-DRB*W005:01|266|bp
NHP04564|Mamu-DRB*W005:03|177|NHP04564|Mamu-DRB*W005:03|177|bp	NHP04564|Mamu-DRB*W005:03|177|NHP04564|Mamu-DRB*W005:03|177|bp
NHP00567|Mamu-DRB*W006:02:01:01|255|NHP00567|Mamu-DRB*W006:02:01:01|255|bp	NHP00567|Mamu-DRB*W006:02:01:01|255|NHP00567|Mamu-DRB*W006:02:01:01|255|bp
NHP00568|Mamu-DRB*W006:03:01:01|228|NHP00568|Mamu-DRB*W006:03:01:01|228|bp	NHP00568|Mamu-DRB*W006:03:01:01|228|NHP00568|Mamu-DRB*W006:03:01:01|228|bp
NHP00568|Mamu-DRB*W006:03:01:01|228|NHP00568|Mamu-DRB*W006:03:01:01|228|bp	NHP12146|Mamu-DRB*W006:03:01:02|220|NHP12146|Mamu-DRB*W006:03:01:02|220|bp
NHP00568|Mamu-DRB*W006:03:01:01|228|NHP00568|Mamu-DRB*W006:03:01:01|228|bp	NHP04227|Mamu-DRB*W006:11|87|NHP04227|Mamu-DRB*W006:11|87|bp
NHP00569|Mamu-DRB*W006:04:01:01|266|NHP00569|Mamu-DRB*W006:04:01:01|266|bp	NHP00569|Mamu-DRB*W006:04:01:01|266|NHP00569|Mamu-DRB*W006:04:01:01|266|bp
NHP00569|Mamu-DRB*W006:04:01:01|266|NHP00569|Mamu-DRB*W006:04:01:01|266|bp	NHP00571|Mamu-DRB*W006:06:01:01|266|NHP00571|Mamu-DRB*W006:06:01:01|266|bp
NHP00569|Mamu-DRB*W006:04:01:01|266|NHP00569|Mamu-DRB*W006:04:01:01|266|bp	NHP12147|Mamu-DRB*W006:06:01:02|220|NHP12147|Mamu-DRB*W006:06:01:02|220|bp
NHP00569|Mamu-DRB*W006:04:01:01|266|NHP00569|Mamu-DRB*W006:04:01:01|266|bp	NHP00574|Mamu-DRB*W006:09:01:01|266|NHP00574|Mamu-DRB*W006:09:01:01|266|bp
NHP00569|Mamu-DRB*W006:04:01:01|266|NHP00569|Mamu-DRB*W006:04:01:01|266|bp	NHP12149|Mamu-DRB*W006:09:01:02|220|NHP12149|Mamu-DRB*W006:09:01:02|220|bp
NHP00569|Mamu-DRB*W006:04:01:01|266|NHP00569|Mamu-DRB*W006:04:01:01|266|bp	NHP03976|Mamu-DRB*W006:09:02|177|NHP03976|Mamu-DRB*W006:09:02|177|bp
NHP00569|Mamu-DRB*W006:04:01:01|266|NHP00569|Mamu-DRB*W006:04:01:01|266|bp	NHP06997|Mamu-DRB*W006:09:03|177|NHP06997|Mamu-DRB*W006:09:03|177|bp
NHP00569|Mamu-DRB*W006:04:01:01|266|NHP00569|Mamu-DRB*W006:04:01:01|266|bp	NHP03975|Mamu-DRB*W006:12|177|NHP03975|Mamu-DRB*W006:12|177|bp
NHP00569|Mamu-DRB*W006:04:01:01|266|NHP00569|Mamu-DRB*W006:04:01:01|266|bp	NHP06998|Mamu-DRB*W006:13|177|NHP06998|Mamu-DRB*W006:13|177|bp
NHP00572|Mamu-DRB*W006:07|81|NHP00572|Mamu-DRB*W006:07|81|bp	NHP00572|Mamu-DRB*W006:07|81|NHP00572|Mamu-DRB*W006:07|81|bp
NHP00572|Mamu-DRB*W006:07|81|NHP00572|Mamu-DRB*W006:07|81|bp	NHP00566|Mamu-DRB*W006:01|81|NHP00566|Mamu-DRB*W006:01|81|bp
NHP00572|Mamu-DRB*W006:07|81|NHP00572|Mamu-DRB*W006:07|81|bp	NHP00570|Mamu-DRB*W006:05|81|NHP00570|Mamu-DRB*W006:05|81|bp
NHP00573|Mamu-DRB*W006:08|81|NHP00573|Mamu-DRB*W006:08|81|bp	NHP00573|Mamu-DRB*W006:08|81|NHP00573|Mamu-DRB*W006:08|81|bp
NHP01399|Mamu-DRB*W006:10|81|NHP01399|Mamu-DRB*W006:10|81|bp	NHP01399|Mamu-DRB*W006:10|81|NHP01399|Mamu-DRB*W006:10|81|bp
NHP00575|Mamu-DRB*W007:01|81|NHP00575|Mamu-DRB*W007:01|81|bp	NHP00575|Mamu-DRB*W007:01|81|NHP00575|Mamu-DRB*W007:01|81|bp
NHP00576|Mamu-DRB*W007:02:01:01|262|NHP00576|Mamu-DRB*W007:02:01:01|262|bp	NHP00576|Mamu-DRB*W007:02:01:01|262|NHP00576|Mamu-DRB*W007:02:01:01|262|bp
NHP00576|Mamu-DRB*W007:02:01:01|262|NHP00576|Mamu-DRB*W007:02:01:01|262|bp	NHP03487|Mamu-DRB*W007:02:02|177|NHP03487|Mamu-DRB*W007:02:02|177|bp
NHP00576|Mamu-DRB*W007:02:01:01|262|NHP00576|Mamu-DRB*W007:02:01:01|262|bp	NHP03485|Mamu-DRB*W007:03|177|NHP03485|Mamu-DRB*W007:03|177|bp
NHP00576|Mamu-DRB*W007:02:01:01|262|NHP00576|Mamu-DRB*W007:02:01:01|262|bp	NHP06999|Mamu-DRB*W007:05|177|NHP06999|Mamu-DRB*W007:05|177|bp
NHP03486|Mamu-DRB*W007:04|73|NHP03486|Mamu-DRB*W007:04|73|bp	NHP03486|Mamu-DRB*W007:04|73|NHP03486|Mamu-DRB*W007:04|73|bp
NHP00526|Mamu-DRB*W020:01|81|NHP00526|Mamu-DRB*W020:01|81|bp	NHP00526|Mamu-DRB*W020:01|81|NHP00526|Mamu-DRB*W020:01|81|bp
NHP03489|Mamu-DRB*W020:02:02|177|NHP03489|Mamu-DRB*W020:02:02|177|bp	NHP03489|Mamu-DRB*W020:02:02|177|NHP03489|Mamu-DRB*W020:02:02|177|bp
NHP03489|Mamu-DRB*W020:02:02|177|NHP03489|Mamu-DRB*W020:02:02|177|bp	NHP00527|Mamu-DRB*W020:02:01:01|266|NHP00527|Mamu-DRB*W020:02:01:01|266|bp
NHP00528|Mamu-DRB*W020:03|81|NHP00528|Mamu-DRB*W020:03|81|bp	NHP00528|Mamu-DRB*W020:03|81|NHP00528|Mamu-DRB*W020:03|81|bp
NHP06992|Mamu-DRB*W020:04|177|NHP06992|Mamu-DRB*W020:04|177|bp	NHP06992|Mamu-DRB*W020:04|177|NHP06992|Mamu-DRB*W020:04|177|bp
NHP00532|Mamu-DRB*W021:03|81|NHP00532|Mamu-DRB*W021:03|81|bp	NHP00532|Mamu-DRB*W021:03|81|NHP00532|Mamu-DRB*W021:03|81|bp
NHP00532|Mamu-DRB*W021:03|81|NHP00532|Mamu-DRB*W021:03|81|bp	NHP00530|Mamu-DRB*W021:01|81|NHP00530|Mamu-DRB*W021:01|81|bp
NHP00532|Mamu-DRB*W021:03|81|NHP00532|Mamu-DRB*W021:03|81|bp	NHP00531|Mamu-DRB*W021:02|81|NHP00531|Mamu-DRB*W021:02|81|bp
NHP00533|Mamu-DRB*W021:04:01:01|266|NHP00533|Mamu-DRB*W021:04:01:01|266|bp	NHP00533|Mamu-DRB*W021:04:01:01|266|NHP00533|Mamu-DRB*W021:04:01:01|266|bp
NHP00533|Mamu-DRB*W021:04:01:01|266|NHP00533|Mamu-DRB*W021:04:01:01|266|bp	NHP12150|Mamu-DRB*W021:04:01:02|220|NHP12150|Mamu-DRB*W021:04:01:02|220|bp
NHP00533|Mamu-DRB*W021:04:01:01|266|NHP00533|Mamu-DRB*W021:04:01:01|266|bp	NHP12151|Mamu-DRB*W021:04:01:03|220|NHP12151|Mamu-DRB*W021:04:01:03|220|bp
NHP00533|Mamu-DRB*W021:04:01:01|266|NHP00533|Mamu-DRB*W021:04:01:01|266|bp	NHP12153|Mamu-DRB*W021:04:02:01|220|NHP12153|Mamu-DRB*W021:04:02:01|220|bp
NHP00533|Mamu-DRB*W021:04:01:01|266|NHP00533|Mamu-DRB*W021:04:01:01|266|bp	NHP04551|Mamu-DRB*W021:05|177|NHP04551|Mamu-DRB*W021:05|177|bp
NHP00535|Mamu-DRB*W025:02|81|NHP00535|Mamu-DRB*W025:02|81|bp	NHP00535|Mamu-DRB*W025:02|81|NHP00535|Mamu-DRB*W025:02|81|bp
NHP00537|Mamu-DRB*W025:04|81|NHP00537|Mamu-DRB*W025:04|81|bp	NHP00537|Mamu-DRB*W025:04|81|NHP00537|Mamu-DRB*W025:04|81|bp
NHP00537|Mamu-DRB*W025:04|81|NHP00537|Mamu-DRB*W025:04|81|bp	NHP00536|Mamu-DRB*W025:03|81|NHP00536|Mamu-DRB*W025:03|81|bp
NHP00538|Mamu-DRB*W025:05:01|81|NHP00538|Mamu-DRB*W025:05:01|81|bp	NHP00538|Mamu-DRB*W025:05:01|81|NHP00538|Mamu-DRB*W025:05:01|81|bp
NHP06993|Mamu-DRB*W025:05:02|177|NHP06993|Mamu-DRB*W025:05:02|177|bp	NHP06993|Mamu-DRB*W025:05:02|177|NHP06993|Mamu-DRB*W025:05:02|177|bp
NHP06993|Mamu-DRB*W025:05:02|177|NHP06993|Mamu-DRB*W025:05:02|177|bp	NHP00539|Mamu-DRB*W025:07:01:01|266|NHP00539|Mamu-DRB*W025:07:01:01|266|bp
NHP06993|Mamu-DRB*W025:05:02|177|NHP06993|Mamu-DRB*W025:05:02|177|bp	NHP01406|Mamu-DRB*W025:09|177|NHP01406|Mamu-DRB*W025:09|177|bp
NHP06993|Mamu-DRB*W025:05:02|177|NHP06993|Mamu-DRB*W025:05:02|177|bp	NHP12157|Mamu-DRB*W025:13:01:01|220|NHP12157|Mamu-DRB*W025:13:01:01|220|bp
NHP01408|Mamu-DRB*W025:06|177|NHP01408|Mamu-DRB*W025:06|177|bp	NHP01408|Mamu-DRB*W025:06|177|NHP01408|Mamu-DRB*W025:06|177|bp
NHP01407|Mamu-DRB*W025:08|177|NHP01407|Mamu-DRB*W025:08|177|bp	NHP01407|Mamu-DRB*W025:08|177|NHP01407|Mamu-DRB*W025:08|177|bp
NHP01407|Mamu-DRB*W025:08|177|NHP01407|Mamu-DRB*W025:08|177|bp	NHP00534|Mamu-DRB*W025:01|266|NHP00534|Mamu-DRB*W025:01|266|bp
NHP04552|Mamu-DRB*W025:10|177|NHP04552|Mamu-DRB*W025:10|177|bp	NHP04552|Mamu-DRB*W025:10|177|NHP04552|Mamu-DRB*W025:10|177|bp
NHP04552|Mamu-DRB*W025:10|177|NHP04552|Mamu-DRB*W025:10|177|bp	NHP04553|Mamu-DRB*W025:11|177|NHP04553|Mamu-DRB*W025:11|177|bp
NHP04552|Mamu-DRB*W025:10|177|NHP04552|Mamu-DRB*W025:10|177|bp	NHP04554|Mamu-DRB*W025:12|177|NHP04554|Mamu-DRB*W025:12|177|bp
NHP00540|Mamu-DRB*W026:01|81|NHP00540|Mamu-DRB*W026:01|81|bp	NHP00540|Mamu-DRB*W026:01|81|NHP00540|Mamu-DRB*W026:01|81|bp
NHP00541|Mamu-DRB*W026:02|81|NHP00541|Mamu-DRB*W026:02|81|bp	NHP00541|Mamu-DRB*W026:02|81|NHP00541|Mamu-DRB*W026:02|81|bp
NHP00542|Mamu-DRB*W026:03:01:01|266|NHP00542|Mamu-DRB*W026:03:01:01|266|bp	NHP00542|Mamu-DRB*W026:03:01:01|266|NHP00542|Mamu-DRB*W026:03:01:01|266|bp
NHP00542|Mamu-DRB*W026:03:01:01|266|NHP00542|Mamu-DRB*W026:03:01:01|266|bp	NHP12154|Mamu-DRB*W026:03:01:02|220|NHP12154|Mamu-DRB*W026:03:01:02|220|bp
NHP00542|Mamu-DRB*W026:03:01:01|266|NHP00542|Mamu-DRB*W026:03:01:01|266|bp	NHP12155|Mamu-DRB*W026:03:01:03|220|NHP12155|Mamu-DRB*W026:03:01:03|220|bp
NHP00542|Mamu-DRB*W026:03:01:01|266|NHP00542|Mamu-DRB*W026:03:01:01|266|bp	NHP01675|Mamu-DRB*W026:04|266|NHP01675|Mamu-DRB*W026:04|266|bp
NHP00544|Mamu-DRB*W027:02|177|NHP00544|Mamu-DRB*W027:02|177|bp	NHP00544|Mamu-DRB*W027:02|177|NHP00544|Mamu-DRB*W027:02|177|bp
NHP00544|Mamu-DRB*W027:02|177|NHP00544|Mamu-DRB*W027:02|177|bp	NHP04550|Mamu-DRB*W027:04|177|NHP04550|Mamu-DRB*W027:04|177|bp
NHP00544|Mamu-DRB*W027:02|177|NHP00544|Mamu-DRB*W027:02|177|bp	NHP04557|Mamu-DRB*W027:06|177|NHP04557|Mamu-DRB*W027:06|177|bp
NHP00544|Mamu-DRB*W027:02|177|NHP00544|Mamu-DRB*W027:02|177|bp	NHP04556|Mamu-DRB*W027:05|177|NHP04556|Mamu-DRB*W027:05|177|bp
NHP00544|Mamu-DRB*W027:02|177|NHP00544|Mamu-DRB*W027:02|177|bp	NHP00543|Mamu-DRB*W027:01:01:01|266|NHP00543|Mamu-DRB*W027:01:01:01|266|bp
NHP00544|Mamu-DRB*W027:02|177|NHP00544|Mamu-DRB*W027:02|177|bp	NHP04565|Mamu-DRB*W027:07|177|NHP04565|Mamu-DRB*W027:07|177|bp
NHP00544|Mamu-DRB*W027:02|177|NHP00544|Mamu-DRB*W027:02|177|bp	NHP01405|Mamu-DRB*W027:03|177|NHP01405|Mamu-DRB*W027:03|177|bp
NHP05363|Mamu-DRB*W027:09|130|NHP05363|Mamu-DRB*W027:09|130|bp	NHP05363|Mamu-DRB*W027:09|130|NHP05363|Mamu-DRB*W027:09|130|bp
NHP05363|Mamu-DRB*W027:09|130|NHP05363|Mamu-DRB*W027:09|130|bp	NHP04566|Mamu-DRB*W027:08|177|NHP04566|Mamu-DRB*W027:08|177|bp
NHP12156|Mamu-DRB*W027:10:01:01|220|NHP12156|Mamu-DRB*W027:10:01:01|220|bp	NHP12156|Mamu-DRB*W027:10:01:01|220|NHP12156|Mamu-DRB*W027:10:01:01|220|bp
NHP00545|Mamu-DRB*W028:01|81|NHP00545|Mamu-DRB*W028:01|81|bp	NHP00545|Mamu-DRB*W028:01|81|NHP00545|Mamu-DRB*W028:01|81|bp
NHP04593|Mamu-DRB*W028:02|177|NHP04593|Mamu-DRB*W028:02|177|bp	NHP04593|Mamu-DRB*W028:02|177|NHP04593|Mamu-DRB*W028:02|177|bp
NHP00556|Mamu-DRB*W031:01|130|NHP00556|Mamu-DRB*W031:01|130|bp	NHP00556|Mamu-DRB*W031:01|130|NHP00556|Mamu-DRB*W031:01|130|bp
NHP03477|Mamu-DRB*W031:02|72|NHP03477|Mamu-DRB*W031:02|72|bp	NHP03477|Mamu-DRB*W031:02|72|NHP03477|Mamu-DRB*W031:02|72|bp
NHP01404|Mamu-DRB*W036:01|80|NHP01404|Mamu-DRB*W036:01|80|bp	NHP01404|Mamu-DRB*W036:01|80|NHP01404|Mamu-DRB*W036:01|80|bp
NHP01403|Mamu-DRB*W036:02|176|NHP01403|Mamu-DRB*W036:02|176|bp	NHP01403|Mamu-DRB*W036:02|176|NHP01403|Mamu-DRB*W036:02|176|bp
NHP01402|Mamu-DRB*W037:01|177|NHP01402|Mamu-DRB*W037:01|177|bp	NHP01402|Mamu-DRB*W037:01|177|NHP01402|Mamu-DRB*W037:01|177|bp
NHP01401|Mamu-DRB*W040:01|177|NHP01401|Mamu-DRB*W040:01|177|bp	NHP01401|Mamu-DRB*W040:01|177|NHP01401|Mamu-DRB*W040:01|177|bp
NHP01400|Mamu-DRB*W040:02|81|NHP01400|Mamu-DRB*W040:02|81|bp	NHP01400|Mamu-DRB*W040:02|81|NHP01400|Mamu-DRB*W040:02|81|bp
NHP03488|Mamu-DRB*W040:03|177|NHP03488|Mamu-DRB*W040:03|177|bp	NHP03488|Mamu-DRB*W040:03|177|NHP03488|Mamu-DRB*W040:03|177|bp
NHP06990|Mamu-DRB*W053:01|177|NHP06990|Mamu-DRB*W053:01|177|bp	NHP06990|Mamu-DRB*W053:01|177|NHP06990|Mamu-DRB*W053:01|177|bp
NHP06996|Mamu-DRB*W059:02|177|NHP06996|Mamu-DRB*W059:02|177|bp	NHP06996|Mamu-DRB*W059:02|177|NHP06996|Mamu-DRB*W059:02|177|bp
NHP06996|Mamu-DRB*W059:02|177|NHP06996|Mamu-DRB*W059:02|177|bp	NHP04562|Mamu-DRB*W059:01|177|NHP04562|Mamu-DRB*W059:01|177|bp
NHP03491|Mamu-DRB*W062:01|177|NHP03491|Mamu-DRB*W062:01|177|bp	NHP03491|Mamu-DRB*W062:01|177|NHP03491|Mamu-DRB*W062:01|177|bp
NHP06994|Mamu-DRB*W068:01|176|NHP06994|Mamu-DRB*W068:01|176|bp	NHP06994|Mamu-DRB*W068:01|176|NHP06994|Mamu-DRB*W068:01|176|bp
NHP04555|Mamu-DRB*W069:02|177|NHP04555|Mamu-DRB*W069:02|177|bp	NHP04555|Mamu-DRB*W069:02|177|NHP04555|Mamu-DRB*W069:02|177|bp
NHP04555|Mamu-DRB*W069:02|177|NHP04555|Mamu-DRB*W069:02|177|bp	NHP03980|Mamu-DRB*W069:01|177|NHP03980|Mamu-DRB*W069:01|177|bp
NHP04559|Mamu-DRB*W079:01|177|NHP04559|Mamu-DRB*W079:01|177|bp	NHP04559|Mamu-DRB*W079:01|177|NHP04559|Mamu-DRB*W079:01|177|bp
NHP07000|Mamu-DRB*W101:01|177|NHP07000|Mamu-DRB*W101:01|177|bp	NHP07000|Mamu-DRB*W101:01|177|NHP07000|Mamu-DRB*W101:01|177|bp
NHP07005|Mamu-DRB*W102:01:01:01|254|NHP07005|Mamu-DRB*W102:01:01:01|254|bp	NHP07005|Mamu-DRB*W102:01:01:01|254|NHP07005|Mamu-DRB*W102:01:01:01|254|bp
NHP04405|Mamu-DRB1*03:01|72|NHP04405|Mamu-DRB1*03:01|72|bp	NHP04405|Mamu-DRB1*03:01|72|NHP04405|Mamu-DRB1*03:01|72|bp
NHP04406|Mamu-DRB1*03:02|72|NHP04406|Mamu-DRB1*03:02|72|bp	NHP04406|Mamu-DRB1*03:02|72|NHP04406|Mamu-DRB1*03:02|72|bp
NHP00449|Mamu-DRB1*03:04|81|NHP00449|Mamu-DRB1*03:04|81|bp	NHP00449|Mamu-DRB1*03:04|81|NHP00449|Mamu-DRB1*03:04|81|bp
NHP00451|Mamu-DRB1*03:06:01:01|266|NHP00451|Mamu-DRB1*03:06:01:01|266|bp	NHP00451|Mamu-DRB1*03:06:01:01|266|NHP00451|Mamu-DRB1*03:06:01:01|266|bp
NHP00451|Mamu-DRB1*03:06:01:01|266|NHP00451|Mamu-DRB1*03:06:01:01|266|bp	NHP12164|Mamu-DRB1*03:06:01:02|220|NHP12164|Mamu-DRB1*03:06:01:02|220|bp
NHP00451|Mamu-DRB1*03:06:01:01|266|NHP00451|Mamu-DRB1*03:06:01:01|266|bp	NHP00463|Mamu-DRB1*03:19:01:01|266|NHP00463|Mamu-DRB1*03:19:01:01|266|bp
NHP00451|Mamu-DRB1*03:06:01:01|266|NHP00451|Mamu-DRB1*03:06:01:01|266|bp	NHP01676|Mamu-DRB1*03:26:01:01|266|NHP01676|Mamu-DRB1*03:26:01:01|266|bp
NHP00451|Mamu-DRB1*03:06:01:01|266|NHP00451|Mamu-DRB1*03:06:01:01|266|bp	NHP12163|Mamu-DRB1*03:32:01:01|220|NHP12163|Mamu-DRB1*03:32:01:01|220|bp
NHP00452|Mamu-DRB1*03:07|81|NHP00452|Mamu-DRB1*03:07|81|bp	NHP00452|Mamu-DRB1*03:07|81|NHP00452|Mamu-DRB1*03:07|81|bp
NHP00452|Mamu-DRB1*03:07|81|NHP00452|Mamu-DRB1*03:07|81|bp	NHP00450|Mamu-DRB1*03:05|81|NHP00450|Mamu-DRB1*03:05|81|bp
NHP00453|Mamu-DRB1*03:08|81|NHP00453|Mamu-DRB1*03:08|81|bp	NHP00453|Mamu-DRB1*03:08|81|NHP00453|Mamu-DRB1*03:08|81|bp
NHP12162|Mamu-DRB1*03:09:01:02|220|NHP12162|Mamu-DRB1*03:09:01:02|220|bp	NHP12162|Mamu-DRB1*03:09:01:02|220|NHP12162|Mamu-DRB1*03:09:01:02|220|bp
NHP12162|Mamu-DRB1*03:09:01:02|220|NHP12162|Mamu-DRB1*03:09:01:02|220|bp	NHP00454|Mamu-DRB1*03:09:01:01|266|NHP00454|Mamu-DRB1*03:09:01:01|266|bp
NHP00455|Mamu-DRB1*03:10:01:01|266|NHP00455|Mamu-DRB1*03:10:01:01|266|bp	NHP00455|Mamu-DRB1*03:10:01:01|266|NHP00455|Mamu-DRB1*03:10:01:01|266|bp
NHP00456|Mamu-DRB1*03:11|81|NHP00456|Mamu-DRB1*03:11|81|bp	NHP00456|Mamu-DRB1*03:11|81|NHP00456|Mamu-DRB1*03:11|81|bp
NHP00458|Mamu-DRB1*03:13:01|81|NHP00458|Mamu-DRB1*03:13:01|81|bp	NHP00458|Mamu-DRB1*03:13:01|81|NHP00458|Mamu-DRB1*03:13:01|81|bp
NHP04567|Mamu-DRB1*03:13:02|177|NHP04567|Mamu-DRB1*03:13:02|177|bp	NHP04567|Mamu-DRB1*03:13:02|177|NHP04567|Mamu-DRB1*03:13:02|177|bp
NHP04567|Mamu-DRB1*03:13:02|177|NHP04567|Mamu-DRB1*03:13:02|177|bp	NHP00462|Mamu-DRB1*03:18|266|NHP00462|Mamu-DRB1*03:18|266|bp
NHP04567|Mamu-DRB1*03:13:02|177|NHP04567|Mamu-DRB1*03:13:02|177|bp	NHP01425|Mamu-DRB1*03:20|177|NHP01425|Mamu-DRB1*03:20|177|bp
NHP04567|Mamu-DRB1*03:13:02|177|NHP04567|Mamu-DRB1*03:13:02|177|bp	NHP00464|Mamu-DRB1*03:21|266|NHP00464|Mamu-DRB1*03:21|266|bp
NHP00459|Mamu-DRB1*03:14|81|NHP00459|Mamu-DRB1*03:14|81|bp	NHP00459|Mamu-DRB1*03:14|81|NHP00459|Mamu-DRB1*03:14|81|bp
NHP00460|Mamu-DRB1*03:15|81|NHP00460|Mamu-DRB1*03:15|81|bp	NHP00460|Mamu-DRB1*03:15|81|NHP00460|Mamu-DRB1*03:15|81|bp
NHP00466|Mamu-DRB1*03:23|266|NHP00466|Mamu-DRB1*03:23|266|bp	NHP00466|Mamu-DRB1*03:23|266|NHP00466|Mamu-DRB1*03:23|266|bp
NHP00466|Mamu-DRB1*03:23|266|NHP00466|Mamu-DRB1*03:23|266|bp	NHP00465|Mamu-DRB1*03:22|266|NHP00465|Mamu-DRB1*03:22|266|bp
NHP01424|Mamu-DRB1*03:24|177|NHP01424|Mamu-DRB1*03:24|177|bp	NHP01424|Mamu-DRB1*03:24|177|NHP01424|Mamu-DRB1*03:24|177|bp
NHP01424|Mamu-DRB1*03:24|177|NHP01424|Mamu-DRB1*03:24|177|bp	NHP00448|Mamu-DRB1*03:03:01:01|266|NHP00448|Mamu-DRB1*03:03:01:01|266|bp
NHP01424|Mamu-DRB1*03:24|177|NHP01424|Mamu-DRB1*03:24|177|bp	NHP12158|Mamu-DRB1*03:03:01:02|220|NHP12158|Mamu-DRB1*03:03:01:02|220|bp
NHP01424|Mamu-DRB1*03:24|177|NHP01424|Mamu-DRB1*03:24|177|bp	NHP12159|Mamu-DRB1*03:03:01:03|220|NHP12159|Mamu-DRB1*03:03:01:03|220|bp
NHP01424|Mamu-DRB1*03:24|177|NHP01424|Mamu-DRB1*03:24|177|bp	NHP12160|Mamu-DRB1*03:03:01:04|220|NHP12160|Mamu-DRB1*03:03:01:04|220|bp
NHP01424|Mamu-DRB1*03:24|177|NHP01424|Mamu-DRB1*03:24|177|bp	NHP12161|Mamu-DRB1*03:03:01:05|220|NHP12161|Mamu-DRB1*03:03:01:05|220|bp
NHP01424|Mamu-DRB1*03:24|177|NHP01424|Mamu-DRB1*03:24|177|bp	NHP03580|Mamu-DRB1*03:03:02|266|NHP03580|Mamu-DRB1*03:03:02|266|bp
NHP01424|Mamu-DRB1*03:24|177|NHP01424|Mamu-DRB1*03:24|177|bp	NHP00457|Mamu-DRB1*03:12:01:01|266|NHP00457|Mamu-DRB1*03:12:01:01|266|bp
NHP01424|Mamu-DRB1*03:24|177|NHP01424|Mamu-DRB1*03:24|177|bp	NHP00461|Mamu-DRB1*03:17:01:01|266|NHP00461|Mamu-DRB1*03:17:01:01|266|bp
NHP01423|Mamu-DRB1*03:25|177|NHP01423|Mamu-DRB1*03:25|177|bp	NHP01423|Mamu-DRB1*03:25|177|NHP01423|Mamu-DRB1*03:25|177|bp
NHP03490|Mamu-DRB1*03:27|73|NHP03490|Mamu-DRB1*03:27|73|bp	NHP03490|Mamu-DRB1*03:27|73|NHP03490|Mamu-DRB1*03:27|73|bp
NHP03982|Mamu-DRB1*03:30|74|NHP03982|Mamu-DRB1*03:30|74|bp	NHP03982|Mamu-DRB1*03:30|74|NHP03982|Mamu-DRB1*03:30|74|bp
NHP00467|Mamu-DRB1*04:02|80|NHP00467|Mamu-DRB1*04:02|80|bp	NHP00467|Mamu-DRB1*04:02|80|NHP00467|Mamu-DRB1*04:02|80|bp
NHP00467|Mamu-DRB1*04:02|80|NHP00467|Mamu-DRB1*04:02|80|bp	NHP00470|Mamu-DRB1*04:05|81|NHP00470|Mamu-DRB1*04:05|81|bp
NHP00469|Mamu-DRB1*04:04:01:01|266|NHP00469|Mamu-DRB1*04:04:01:01|266|bp	NHP00469|Mamu-DRB1*04:04:01:01|266|NHP00469|Mamu-DRB1*04:04:01:01|266|bp
NHP00469|Mamu-DRB1*04:04:01:01|266|NHP00469|Mamu-DRB1*04:04:01:01|266|bp	NHP12165|Mamu-DRB1*04:04:01:02|220|NHP12165|Mamu-DRB1*04:04:01:02|220|bp
NHP00469|Mamu-DRB1*04:04:01:01|266|NHP00469|Mamu-DRB1*04:04:01:01|266|bp	NHP01417|Mamu-DRB1*04:15|177|NHP01417|Mamu-DRB1*04:15|177|bp
NHP00469|Mamu-DRB1*04:04:01:01|266|NHP00469|Mamu-DRB1*04:04:01:01|266|bp	NHP07003|Mamu-DRB1*04:21|177|NHP07003|Mamu-DRB1*04:21|177|bp
NHP00471|Mamu-DRB1*04:06:01:01|266|NHP00471|Mamu-DRB1*04:06:01:01|266|bp	NHP00471|Mamu-DRB1*04:06:01:01|266|NHP00471|Mamu-DRB1*04:06:01:01|266|bp
NHP00471|Mamu-DRB1*04:06:01:01|266|NHP00471|Mamu-DRB1*04:06:01:01|266|bp	NHP12166|Mamu-DRB1*04:06:01:02|220|NHP12166|Mamu-DRB1*04:06:01:02|220|bp
NHP00471|Mamu-DRB1*04:06:01:01|266|NHP00471|Mamu-DRB1*04:06:01:01|266|bp	NHP01420|Mamu-DRB1*04:11|266|NHP01420|Mamu-DRB1*04:11|266|bp
NHP00471|Mamu-DRB1*04:06:01:01|266|NHP00471|Mamu-DRB1*04:06:01:01|266|bp	NHP05429|Mamu-DRB1*04:20|130|NHP05429|Mamu-DRB1*04:20|130|bp
NHP04407|Mamu-DRB1*04:06:02|72|NHP04407|Mamu-DRB1*04:06:02|72|bp	NHP04407|Mamu-DRB1*04:06:02|72|NHP04407|Mamu-DRB1*04:06:02|72|bp
NHP00472|Mamu-DRB1*04:07|177|NHP00472|Mamu-DRB1*04:07|177|bp	NHP00472|Mamu-DRB1*04:07|177|NHP00472|Mamu-DRB1*04:07|177|bp
NHP01421|Mamu-DRB1*04:10|81|NHP01421|Mamu-DRB1*04:10|81|bp	NHP01421|Mamu-DRB1*04:10|81|NHP01421|Mamu-DRB1*04:10|81|bp
NHP01418|Mamu-DRB1*04:14|81|NHP01418|Mamu-DRB1*04:14|81|bp	NHP01418|Mamu-DRB1*04:14|81|NHP01418|Mamu-DRB1*04:14|81|bp
NHP01416|Mamu-DRB1*04:16|177|NHP01416|Mamu-DRB1*04:16|177|bp	NHP01416|Mamu-DRB1*04:16|177|NHP01416|Mamu-DRB1*04:16|177|bp
NHP04568|Mamu-DRB1*04:18|177|NHP04568|Mamu-DRB1*04:18|177|bp	NHP04568|Mamu-DRB1*04:18|177|NHP04568|Mamu-DRB1*04:18|177|bp
NHP04568|Mamu-DRB1*04:18|177|NHP04568|Mamu-DRB1*04:18|177|bp	NHP00473|Mamu-DRB1*04:08:01:01|218|NHP00473|Mamu-DRB1*04:08:01:01|218|bp
NHP04568|Mamu-DRB1*04:18|177|NHP04568|Mamu-DRB1*04:18|177|bp	NHP01422|Mamu-DRB1*04:09|266|NHP01422|Mamu-DRB1*04:09|266|bp
NHP04568|Mamu-DRB1*04:18|177|NHP04568|Mamu-DRB1*04:18|177|bp	NHP01677|Mamu-DRB1*04:17|266|NHP01677|Mamu-DRB1*04:17|266|bp
NHP04568|Mamu-DRB1*04:18|177|NHP04568|Mamu-DRB1*04:18|177|bp	NHP00468|Mamu-DRB1*04:03|266|NHP00468|Mamu-DRB1*04:03|266|bp
NHP05347|Mamu-DRB1*04:19N|103|NHP05347|Mamu-DRB1*04:19N|103|bp	NHP05347|Mamu-DRB1*04:19N|103|NHP05347|Mamu-DRB1*04:19N|103|bp
NHP05347|Mamu-DRB1*04:19N|103|NHP05347|Mamu-DRB1*04:19N|103|bp	NHP01419|Mamu-DRB1*04:12|178|NHP01419|Mamu-DRB1*04:12|178|bp
NHP00474|Mamu-DRB1*07:01:01:01|220|NHP00474|Mamu-DRB1*07:01:01:01|220|bp	NHP00474|Mamu-DRB1*07:01:01:01|220|NHP00474|Mamu-DRB1*07:01:01:01|220|bp
NHP00475|Mamu-DRB1*07:02|81|NHP00475|Mamu-DRB1*07:02|81|bp	NHP00475|Mamu-DRB1*07:02|81|NHP00475|Mamu-DRB1*07:02|81|bp
NHP00476|Mamu-DRB1*07:03:01|81|NHP00476|Mamu-DRB1*07:03:01|81|bp	NHP00476|Mamu-DRB1*07:03:01|81|NHP00476|Mamu-DRB1*07:03:01|81|bp
NHP00477|Mamu-DRB1*07:03:02|266|NHP00477|Mamu-DRB1*07:03:02|266|bp	NHP00477|Mamu-DRB1*07:03:02|266|NHP00477|Mamu-DRB1*07:03:02|266|bp
NHP00477|Mamu-DRB1*07:03:02|266|NHP00477|Mamu-DRB1*07:03:02|266|bp	NHP01678|Mamu-DRB1*07:03:03|266|NHP01678|Mamu-DRB1*07:03:03|266|bp
NHP00477|Mamu-DRB1*07:03:02|266|NHP00477|Mamu-DRB1*07:03:02|266|bp	NHP01415|Mamu-DRB1*07:04|130|NHP01415|Mamu-DRB1*07:04|130|bp
NHP00477|Mamu-DRB1*07:03:02|266|NHP00477|Mamu-DRB1*07:03:02|266|bp	NHP04569|Mamu-DRB1*07:05|177|NHP04569|Mamu-DRB1*07:05|177|bp
NHP04570|Mamu-DRB1*10:02:02:01|254|NHP04570|Mamu-DRB1*10:02:02:01|254|bp	NHP04570|Mamu-DRB1*10:02:02:01|254|NHP04570|Mamu-DRB1*10:02:02:01|254|bp
NHP00481|Mamu-DRB1*10:04|81|NHP00481|Mamu-DRB1*10:04|81|bp	NHP00481|Mamu-DRB1*10:04|81|NHP00481|Mamu-DRB1*10:04|81|bp
NHP00481|Mamu-DRB1*10:04|81|NHP00481|Mamu-DRB1*10:04|81|bp	NHP00479|Mamu-DRB1*10:02:01|81|NHP00479|Mamu-DRB1*10:02:01|81|bp
NHP00482|Mamu-DRB1*10:05|81|NHP00482|Mamu-DRB1*10:05|81|bp	NHP00482|Mamu-DRB1*10:05|81|NHP00482|Mamu-DRB1*10:05|81|bp
NHP00482|Mamu-DRB1*10:05|81|NHP00482|Mamu-DRB1*10:05|81|bp	NHP00478|Mamu-DRB1*10:01|81|NHP00478|Mamu-DRB1*10:01|81|bp
NHP00483|Mamu-DRB1*10:06|81|NHP00483|Mamu-DRB1*10:06|81|bp	NHP00483|Mamu-DRB1*10:06|81|NHP00483|Mamu-DRB1*10:06|81|bp
NHP00484|Mamu-DRB1*10:07:01:01|266|NHP00484|Mamu-DRB1*10:07:01:01|266|bp	NHP00484|Mamu-DRB1*10:07:01:01|266|NHP00484|Mamu-DRB1*10:07:01:01|266|bp
NHP00484|Mamu-DRB1*10:07:01:01|266|NHP00484|Mamu-DRB1*10:07:01:01|266|bp	NHP12167|Mamu-DRB1*10:07:01:02|220|NHP12167|Mamu-DRB1*10:07:01:02|220|bp
NHP00484|Mamu-DRB1*10:07:01:01|266|NHP00484|Mamu-DRB1*10:07:01:01|266|bp	NHP12168|Mamu-DRB1*10:07:01:03|220|NHP12168|Mamu-DRB1*10:07:01:03|220|bp
NHP00484|Mamu-DRB1*10:07:01:01|266|NHP00484|Mamu-DRB1*10:07:01:01|266|bp	NHP04594|Mamu-DRB1*10:16|177|NHP04594|Mamu-DRB1*10:16|177|bp
NHP00485|Mamu-DRB1*10:08|266|NHP00485|Mamu-DRB1*10:08|266|bp	NHP00485|Mamu-DRB1*10:08|266|NHP00485|Mamu-DRB1*10:08|266|bp
NHP01414|Mamu-DRB1*10:09|81|NHP01414|Mamu-DRB1*10:09|81|bp	NHP01414|Mamu-DRB1*10:09|81|NHP01414|Mamu-DRB1*10:09|81|bp
NHP03484|Mamu-DRB1*10:12|177|NHP03484|Mamu-DRB1*10:12|177|bp	NHP03484|Mamu-DRB1*10:12|177|NHP03484|Mamu-DRB1*10:12|177|bp
NHP04572|Mamu-DRB1*10:15|177|NHP04572|Mamu-DRB1*10:15|177|bp	NHP04572|Mamu-DRB1*10:15|177|NHP04572|Mamu-DRB1*10:15|177|bp
NHP04572|Mamu-DRB1*10:15|177|NHP04572|Mamu-DRB1*10:15|177|bp	NHP00480|Mamu-DRB1*10:03|266|NHP00480|Mamu-DRB1*10:03|266|bp
NHP05428|Mamu-DRB1*10:17|130|NHP05428|Mamu-DRB1*10:17|130|bp	NHP05428|Mamu-DRB1*10:17|130|NHP05428|Mamu-DRB1*10:17|130|bp
NHP05428|Mamu-DRB1*10:17|130|NHP05428|Mamu-DRB1*10:17|130|bp	NHP02076|Mamu-DRB1*10:10|177|NHP02076|Mamu-DRB1*10:10|177|bp
NHP05428|Mamu-DRB1*10:17|130|NHP05428|Mamu-DRB1*10:17|130|bp	NHP04571|Mamu-DRB1*10:14|177|NHP04571|Mamu-DRB1*10:14|177|bp
NHP05365|Mamu-DRB1*10:18|130|NHP05365|Mamu-DRB1*10:18|130|bp	NHP05365|Mamu-DRB1*10:18|130|NHP05365|Mamu-DRB1*10:18|130|bp
NHP05365|Mamu-DRB1*10:18|130|NHP05365|Mamu-DRB1*10:18|130|bp	NHP03483|Mamu-DRB1*10:11|177|NHP03483|Mamu-DRB1*10:11|177|bp
NHP05365|Mamu-DRB1*10:18|130|NHP05365|Mamu-DRB1*10:18|130|bp	NHP03978|Mamu-DRB1*10:13|177|NHP03978|Mamu-DRB1*10:13|177|bp
NHP00487|Mamu-DRB3*04:02|81|NHP00487|Mamu-DRB3*04:02|81|bp	NHP00487|Mamu-DRB3*04:02|81|NHP00487|Mamu-DRB3*04:02|81|bp
NHP00487|Mamu-DRB3*04:02|81|NHP00487|Mamu-DRB3*04:02|81|bp	NHP00486|Mamu-DRB3*04:01|81|NHP00486|Mamu-DRB3*04:01|81|bp
NHP00488|Mamu-DRB3*04:03:01:01|266|NHP00488|Mamu-DRB3*04:03:01:01|266|bp	NHP00488|Mamu-DRB3*04:03:01:01|266|NHP00488|Mamu-DRB3*04:03:01:01|266|bp
NHP00488|Mamu-DRB3*04:03:01:01|266|NHP00488|Mamu-DRB3*04:03:01:01|266|bp	NHP01413|Mamu-DRB3*04:10:01:01|266|NHP01413|Mamu-DRB3*04:10:01:01|266|bp
NHP00488|Mamu-DRB3*04:03:01:01|266|NHP00488|Mamu-DRB3*04:03:01:01|266|bp	NHP01397|Mamu-DRB3*04:11|87|NHP01397|Mamu-DRB3*04:11|87|bp
NHP00488|Mamu-DRB3*04:03:01:01|266|NHP00488|Mamu-DRB3*04:03:01:01|266|bp	NHP04575|Mamu-DRB3*04:15:01|177|NHP04575|Mamu-DRB3*04:15:01|177|bp
NHP00488|Mamu-DRB3*04:03:01:01|266|NHP00488|Mamu-DRB3*04:03:01:01|266|bp	NHP04576|Mamu-DRB3*04:15:02|177|NHP04576|Mamu-DRB3*04:15:02|177|bp
NHP00488|Mamu-DRB3*04:03:01:01|266|NHP00488|Mamu-DRB3*04:03:01:01|266|bp	NHP04577|Mamu-DRB3*04:16:01|177|NHP04577|Mamu-DRB3*04:16:01|177|bp
NHP00488|Mamu-DRB3*04:03:01:01|266|NHP00488|Mamu-DRB3*04:03:01:01|266|bp	NHP04578|Mamu-DRB3*04:16:02|177|NHP04578|Mamu-DRB3*04:16:02|177|bp
NHP00489|Mamu-DRB3*04:04|81|NHP00489|Mamu-DRB3*04:04|81|bp	NHP00489|Mamu-DRB3*04:04|81|NHP00489|Mamu-DRB3*04:04|81|bp
NHP12169|Mamu-DRB3*04:05:01:02|220|NHP12169|Mamu-DRB3*04:05:01:02|220|bp	NHP12169|Mamu-DRB3*04:05:01:02|220|NHP12169|Mamu-DRB3*04:05:01:02|220|bp
NHP12169|Mamu-DRB3*04:05:01:02|220|NHP12169|Mamu-DRB3*04:05:01:02|220|bp	NHP00490|Mamu-DRB3*04:05:01:01|266|NHP00490|Mamu-DRB3*04:05:01:01|266|bp
NHP00491|Mamu-DRB3*04:06|81|NHP00491|Mamu-DRB3*04:06|81|bp	NHP00491|Mamu-DRB3*04:06|81|NHP00491|Mamu-DRB3*04:06|81|bp
NHP00492|Mamu-DRB3*04:07|81|NHP00492|Mamu-DRB3*04:07|81|bp	NHP00492|Mamu-DRB3*04:07|81|NHP00492|Mamu-DRB3*04:07|81|bp
NHP00494|Mamu-DRB3*04:09|177|NHP00494|Mamu-DRB3*04:09|177|bp	NHP00494|Mamu-DRB3*04:09|177|NHP00494|Mamu-DRB3*04:09|177|bp
NHP07006|Mamu-DRB3*04:17|177|NHP07006|Mamu-DRB3*04:17|177|bp	NHP07006|Mamu-DRB3*04:17|177|NHP07006|Mamu-DRB3*04:17|177|bp
NHP07006|Mamu-DRB3*04:17|177|NHP07006|Mamu-DRB3*04:17|177|bp	NHP04573|Mamu-DRB3*04:13|177|NHP04573|Mamu-DRB3*04:13|177|bp
NHP07006|Mamu-DRB3*04:17|177|NHP07006|Mamu-DRB3*04:17|177|bp	NHP00493|Mamu-DRB3*04:08:01:01|266|NHP00493|Mamu-DRB3*04:08:01:01|266|bp
NHP07006|Mamu-DRB3*04:17|177|NHP07006|Mamu-DRB3*04:17|177|bp	NHP04574|Mamu-DRB3*04:14|177|NHP04574|Mamu-DRB3*04:14|177|bp
NHP07006|Mamu-DRB3*04:17|177|NHP07006|Mamu-DRB3*04:17|177|bp	NHP02077|Mamu-DRB3*04:12|177|NHP02077|Mamu-DRB3*04:12|177|bp
NHP00495|Mamu-DRB4*01:01|81|NHP00495|Mamu-DRB4*01:01|81|bp	NHP00495|Mamu-DRB4*01:01|81|NHP00495|Mamu-DRB4*01:01|81|bp
NHP00496|Mamu-DRB4*01:02:01:01|266|NHP00496|Mamu-DRB4*01:02:01:01|266|bp	NHP00496|Mamu-DRB4*01:02:01:01|266|NHP00496|Mamu-DRB4*01:02:01:01|266|bp
NHP00497|Mamu-DRB4*01:03|81|NHP00497|Mamu-DRB4*01:03|81|bp	NHP00497|Mamu-DRB4*01:03|81|NHP00497|Mamu-DRB4*01:03|81|bp
NHP01412|Mamu-DRB4*01:04:01:01|254|NHP01412|Mamu-DRB4*01:04:01:01|254|bp	NHP01412|Mamu-DRB4*01:04:01:01|254|NHP01412|Mamu-DRB4*01:04:01:01|254|bp
NHP00498|Mamu-DRB5*03:01:01:01|267|NHP00498|Mamu-DRB5*03:01:01:01|267|bp	NHP00498|Mamu-DRB5*03:01:01:01|267|NHP00498|Mamu-DRB5*03:01:01:01|267|bp
NHP00499|Mamu-DRB5*03:02|81|NHP00499|Mamu-DRB5*03:02|81|bp	NHP00499|Mamu-DRB5*03:02|81|NHP00499|Mamu-DRB5*03:02|81|bp
NHP00500|Mamu-DRB5*03:03:01:01|262|NHP00500|Mamu-DRB5*03:03:01:01|262|bp	NHP00500|Mamu-DRB5*03:03:01:01|262|NHP00500|Mamu-DRB5*03:03:01:01|262|bp
NHP00501|Mamu-DRB5*03:04|81|NHP00501|Mamu-DRB5*03:04|81|bp	NHP00501|Mamu-DRB5*03:04|81|NHP00501|Mamu-DRB5*03:04|81|bp
NHP00502|Mamu-DRB5*03:05|81|NHP00502|Mamu-DRB5*03:05|81|bp	NHP00502|Mamu-DRB5*03:05|81|NHP00502|Mamu-DRB5*03:05|81|bp
NHP00503|Mamu-DRB5*03:06:01:01|266|NHP00503|Mamu-DRB5*03:06:01:01|266|bp	NHP00503|Mamu-DRB5*03:06:01:01|266|NHP00503|Mamu-DRB5*03:06:01:01|266|bp
NHP00504|Mamu-DRB5*03:07:01|81|NHP00504|Mamu-DRB5*03:07:01|81|bp	NHP00504|Mamu-DRB5*03:07:01|81|NHP00504|Mamu-DRB5*03:07:01|81|bp
NHP04595|Mamu-DRB5*03:07:02:01|254|NHP04595|Mamu-DRB5*03:07:02:01|254|bp	NHP04595|Mamu-DRB5*03:07:02:01|254|NHP04595|Mamu-DRB5*03:07:02:01|254|bp
NHP01411|Mamu-DRB5*03:08|177|NHP01411|Mamu-DRB5*03:08|177|bp	NHP01411|Mamu-DRB5*03:08|177|NHP01411|Mamu-DRB5*03:08|177|bp
NHP02420|Mamu-DRB5*03:09:01:01|266|NHP02420|Mamu-DRB5*03:09:01:01|266|bp	NHP02420|Mamu-DRB5*03:09:01:01|266|NHP02420|Mamu-DRB5*03:09:01:01|266|bp
NHP03977|Mamu-DRB5*03:10|74|NHP03977|Mamu-DRB5*03:10|74|bp	NHP03977|Mamu-DRB5*03:10|74|NHP03977|Mamu-DRB5*03:10|74|bp
NHP00511|Mamu-DRB6*01:08|81|NHP00511|Mamu-DRB6*01:08|81|bp	NHP00511|Mamu-DRB6*01:08|81|NHP00511|Mamu-DRB6*01:08|81|bp
NHP00513|Mamu-DRB6*01:10|81|NHP00513|Mamu-DRB6*01:10|81|bp	NHP00513|Mamu-DRB6*01:10|81|NHP00513|Mamu-DRB6*01:10|81|bp
NHP00514|Mamu-DRB6*01:11:01:01N|89|NHP00514|Mamu-DRB6*01:11:01:01N|89|bp	NHP00514|Mamu-DRB6*01:11:01:01N|89|NHP00514|Mamu-DRB6*01:11:01:01N|89|bp
NHP00515|Mamu-DRB6*01:12:01:01N|88|NHP00515|Mamu-DRB6*01:12:01:01N|88|bp	NHP00515|Mamu-DRB6*01:12:01:01N|88|NHP00515|Mamu-DRB6*01:12:01:01N|88|bp
NHP00515|Mamu-DRB6*01:12:01:01N|88|NHP00515|Mamu-DRB6*01:12:01:01N|88|bp	NHP05062|Mamu-DRB6*01:12:02:01N|88|NHP05062|Mamu-DRB6*01:12:02:01N|88|bp
NHP00515|Mamu-DRB6*01:12:01:01N|88|NHP00515|Mamu-DRB6*01:12:01:01N|88|bp	NHP04224|Mamu-DRB6*01:22:01:01N|88|NHP04224|Mamu-DRB6*01:22:01:01N|88|bp
NHP00515|Mamu-DRB6*01:12:01:01N|88|NHP00515|Mamu-DRB6*01:12:01:01N|88|bp	NHP12170|Mamu-DRB6*01:22:01:02N|88|NHP12170|Mamu-DRB6*01:22:01:02N|88|bp
NHP00516|Mamu-DRB6*01:13|80|NHP00516|Mamu-DRB6*01:13|80|bp	NHP00516|Mamu-DRB6*01:13|80|NHP00516|Mamu-DRB6*01:13|80|bp
NHP00517|Mamu-DRB6*01:14|82|NHP00517|Mamu-DRB6*01:14|82|bp	NHP00517|Mamu-DRB6*01:14|82|NHP00517|Mamu-DRB6*01:14|82|bp
NHP04223|Mamu-DRB6*01:20|87|NHP04223|Mamu-DRB6*01:20|87|bp	NHP04223|Mamu-DRB6*01:20|87|NHP04223|Mamu-DRB6*01:20|87|bp
NHP03482|Mamu-DRB6*01:21|76|NHP03482|Mamu-DRB6*01:21|76|bp	NHP03482|Mamu-DRB6*01:21|76|NHP03482|Mamu-DRB6*01:21|76|bp
NHP04225|Mamu-DRB6*01:23|88|NHP04225|Mamu-DRB6*01:23|88|bp	NHP04225|Mamu-DRB6*01:23|88|NHP04225|Mamu-DRB6*01:23|88|bp
NHP03979|Mamu-DRB6*01:26|75|NHP03979|Mamu-DRB6*01:26|75|bp	NHP03979|Mamu-DRB6*01:26|75|NHP03979|Mamu-DRB6*01:26|75|bp
NHP03981|Mamu-DRB6*01:27|74|NHP03981|Mamu-DRB6*01:27|74|bp	NHP03981|Mamu-DRB6*01:27|74|NHP03981|Mamu-DRB6*01:27|74|bp
NHP05061|Mamu-DRB6*01:29|86|NHP05061|Mamu-DRB6*01:29|86|bp	NHP05061|Mamu-DRB6*01:29|86|NHP05061|Mamu-DRB6*01:29|86|bp
NHP00523|Mamu-DRB6*05:01|81|NHP00523|Mamu-DRB6*05:01|81|bp	NHP00523|Mamu-DRB6*05:01|81|NHP00523|Mamu-DRB6*05:01|81|bp
